1,0.098216,0.20107,0.41004,0.49969,0.57062,0.60395,0.65299,0.66537,0.74647,0.79161,0.7927,0.79065,0.79206,0.76725,0.70218,0.66017,0.60697,0.5301,0.54303,0.4328,0.26019
1,0,0.079522,0.15755,0.42158,0.50007,0.46912,0.63065,0.68049,0.58591,0.60206,0.60439,0.61132,0.70923,0.61149,0.60164,0.51121,0.50713,0.41774,0.38131,0.26426,0.15902
1,0.026,0.151,0.425,0.488,0.575,0.618,0.587,0.694,0.743,0.794,0.887,0.825,0.806,0.825,0.675,0.712,0.606,0.537,0.506,0.306,0.144
1,-0.087,0.038,0.319,0.388,0.481,0.512,0.481,0.581,0.637,0.694,0.781,0.719,0.706,0.725,0.569,0.606,0.5,0.431,0.425,0.193,0.038
1,-0.018,-0.006,-0.037,0.306,0.45,0.468,0.631,0.7,0.594,0.575,0.607,0.6,0.631,0.469,0.606,0.519,0.506,0.338,0.35,0.126,-0
1,-0.131,-0.119,-0.15,0.2,0.344,0.362,0.525,0.594,0.5,0.481,0.494,0.487,0.525,0.356,0.5,0.406,0.4,0.225,0.244,0.013,-0.113
2,0.0518,0,0.089135,0.23377,0.37629,0.51424,0.64523,0.93832,1.0278,1.0235,1.132,1.1689,1.2672,1.2469,1.2848,1.2644,1.1113,1.1,1.0362,1.0625,0.96442
2,0,0,0.048511,0,0.042983,0.39157,0.46734,0.6396,0.87492,0.73399,0.82858,0.86222,0.75136,0.94468,1.1187,0.91424,0.84016,1.0197,0.94436,0.71418,0.61501
2,0.206,0.213,0.238,0.363,0.413,0.531,0.713,1.057,1.044,1.05,1.213,1.225,1.332,1.225,1.269,1.263,1.05,1.031,0.994,1.081,0.994
2,0.012,-0.031,-0.006,0.119,0.169,0.287,0.469,0.863,0.85,0.806,1.044,0.981,1.138,0.981,1.075,1.019,0.9,0.787,0.75,0.912,0.75
2,-0.032,0.081,0.15,0.119,0.088,0.394,0.5,0.587,0.844,0.775,0.832,0.857,0.594,0.763,0.944,0.763,0.675,0.838,0.763,0.544,0.394
2,-0.138,-0.069,-0,-0.125,-0.081,0.188,0.256,0.375,0.694,0.531,0.588,0.613,0.419,0.6,0.794,0.594,0.506,0.688,0.613,0.3,0.15
3,0,0.15362,0.40991,0.82048,1.0551,1.2771,1.4826,1.7637,1.9037,2.0147,2.1168,2.1776,2.2214,2.2333,2.1166,2.1613,2.0786,1.9665,1.6843,1.6622,1.0408
3,0,0,0.053001,0.13815,0.35875,0.68495,1.2543,1.2341,1.5868,1.519,1.618,1.6856,1.5533,1.891,1.5323,1.3288,1.1964,1.3356,1.0985,1.1373,0.98775
3,0.044,0.1,0.269,0.756,0.956,1.35,1.519,1.75,1.943,2.012,2.212,2.163,2.2,2.219,2.175,2.094,2.069,1.919,1.406,1.325,0.656
3,-0.075,-0.025,0.144,0.65,0.85,1.244,1.413,1.538,1.731,1.8,1.981,2.044,2.081,2.1,2.056,1.975,1.95,1.8,1.281,1.206,0.525
3,-0.025,0.063,0.031,0.075,0.131,0.438,1.131,1.063,1.6,1.357,1.488,1.632,1.507,1.937,1.438,1.225,1.075,1.082,0.75,0.762,0.493
3,-0.144,-0.068,-0.1,-0.038,0.018,0.319,0.919,0.944,1.388,1.238,1.369,1.513,1.388,1.725,1.319,1.106,0.95,0.963,0.619,0.55,0.281
4,0,0.010148,0.025579,0.073764,0.22539,0.37317,0.53503,0.819,1.0247,1.1668,1.0354,1.2284,1.3318,1.2576,1.2424,1.3167,1.3307,1.1054,1.1571,0.97039,1.0419
4,0,0,0,0,0.0061733,0.31196,0.3859,0.51298,0.60445,0.70551,0.76547,0.888,0.71083,0.8892,0.9017,0.895,0.76282,1.1034,0.76272,0.884,0.77685
4,0.156,0.168,0.187,0.175,0.25,0.425,0.55,0.9,1.044,1.162,1,1.2,1.325,1.218,1.2,1.3,1.356,1.094,1.156,0.937,0.969
4,0.075,0.037,0.106,0.094,0.169,0.344,0.469,0.819,0.963,1.031,0.919,1.069,1.244,1.087,1.069,1.169,1.275,1.013,1.075,0.856,0.838
4,-0,0.025,0.088,0.137,0.119,0.344,0.375,0.475,0.587,0.675,0.787,0.881,0.737,0.862,0.869,0.844,0.787,1.081,0.656,0.762,0.568
4,-0.075,-0.056,0.013,0.056,-0.012,0.269,0.294,0.394,0.506,0.594,0.706,0.8,0.606,0.762,0.769,0.744,0.662,0.95,0.556,0.631,0.487
5,0.11539,0.19378,0.23236,0.3197,0.36728,0.49665,0.49596,0.53039,0.60721,0.63744,0.65505,0.6627,0.58041,0.63901,0.59389,0.55315,0.50338,0.43281,0.45158,0.33566,0.31999
5,0.0032458,0.074804,0.19892,0.26565,0.332,0.39189,0.42205,0.46481,0.52563,0.50205,0.52657,0.53402,0.55167,0.49247,0.53445,0.432,0.47468,0.40376,0.3324,0.28188,0.1609
5,0.137,0.175,0.212,0.312,0.381,0.512,0.506,0.537,0.606,0.638,0.638,0.644,0.568,0.643,0.574,0.549,0.487,0.437,0.406,0.293,0.237
5,0.1,0.144,0.175,0.275,0.344,0.475,0.475,0.5,0.569,0.594,0.594,0.6,0.537,0.606,0.537,0.512,0.45,0.406,0.369,0.256,0.2
5,0.006,-0,0.118,0.163,0.3,0.369,0.425,0.469,0.537,0.481,0.524,0.531,0.531,0.443,0.494,0.393,0.412,0.325,0.262,0.181,0.012
5,-0.031,-0.037,0.087,0.132,0.269,0.338,0.394,0.438,0.506,0.45,0.487,0.494,0.5,0.406,0.463,0.356,0.381,0.294,0.231,0.15,-0.025
6,0.97819,1.22,1.3874,1.5701,1.7796,1.8884,2.0624,2.1563,2.2163,2.2413,2.2309,2.114,2.1052,1.9786,1.8478,1.6472,1.4333,1.4802,1.2651,1.0698,0.53236
6,0.19808,0.97771,1.2148,1.4318,1.2556,1.5136,1.6542,1.6262,1.9936,1.8812,2.0031,1.9783,1.5226,1.6974,1.3381,1.376,1.3078,0.77903,0.86533,0.3288,0.31549
6,0.893,1.037,1.369,1.562,1.844,1.944,2.125,2.219,2.238,2.325,2.263,2.181,2.113,1.956,1.85,1.594,1.294,1.344,1.069,0.925,0.425
6,0.787,0.931,1.269,1.462,1.744,1.844,2.025,2.119,2.138,2.225,2.163,2.081,2.013,1.856,1.75,1.494,1.194,1.244,0.963,0.806,0.306
6,-0.007,0.719,1.063,1.269,1.225,1.538,1.663,1.644,2.068,1.906,1.956,1.912,1.487,1.65,1.281,1.294,1.213,0.694,0.731,0.162,0.288
6,-0.113,0.619,0.963,1.169,1.119,1.438,1.563,1.538,1.962,1.806,1.85,1.806,1.381,1.55,1.175,1.188,1.113,0.588,0.631,0.056,0.188
7,0.34634,0.46647,0.63526,0.73745,0.86108,0.96328,1.0498,1.119,1.1699,1.2016,1.2134,1.2053,1.1772,1.1299,1.0639,0.98052,0.93407,0.77167,0.72373,0.51573,0.37536
7,0.10392,0.46808,0.60694,0.69906,0.84365,0.79592,1.0365,0.95449,1.1536,1.1882,1.143,1.1314,1.1743,1.128,1.0612,0.91611,0.82836,0.75249,0.64073,0.50456,0.36012
7,0.25,0.418,0.631,0.731,0.843,0.956,1.069,1.131,1.162,1.187,1.194,1.194,1.169,1.131,1.044,0.95,0.919,0.762,0.725,0.468,0.256
7,0.194,0.362,0.575,0.675,0.787,0.9,1.013,1.075,1.106,1.131,1.138,1.138,1.113,1.075,0.988,0.894,0.875,0.706,0.681,0.412,0.2
7,-0.031,0.331,0.512,0.619,0.837,0.718,1.031,0.906,1.081,1.106,1.062,1.125,1.137,1.119,1,0.919,0.75,0.656,0.55,0.394,0.181
7,-0.087,0.275,0.456,0.563,0.781,0.662,0.975,0.85,1.025,1.05,1.006,1.069,1.081,1.063,0.944,0.863,0.694,0.6,0.494,0.338,0.125
8,0.59823,0.74587,0.88392,0.97025,1.1011,1.203,1.2891,1.3397,1.3932,1.3924,1.3911,1.3432,1.2428,1.1685,1.2614,0.9649,0.83922,0.93979,0.57801,0.37824,0.21495
8,0.10226,0.26511,0.38575,0.7704,0.88705,0.98734,0.94428,0.95178,1.0926,1.0821,0.97413,0.97129,0.90156,0.78105,0.71631,0.60599,0.47891,0.35573,0.26839,0.080053,0
8,0.513,0.744,0.869,0.988,1.113,1.225,1.3,1.313,1.412,1.375,1.332,1.281,1.175,1.094,1.156,0.894,0.813,0.775,0.581,0.213,0.144
8,0.438,0.669,0.794,0.913,1.038,1.15,1.231,1.244,1.337,1.306,1.263,1.212,1.106,1.025,1.081,0.825,0.744,0.7,0.506,0.144,0.075
8,-0.019,-0,-0.012,0.319,0.732,0.982,0.894,0.957,1.094,1.082,0.956,0.932,0.844,0.737,0.625,0.513,0.381,0.219,0.163,0.044,-0
8,-0.094,-0.075,-0.087,0.256,0.669,0.919,0.831,0.894,1.031,1.019,0.887,0.869,0.769,0.662,0.55,0.438,0.306,0.144,0.094,-0.031,-0.069
9,0.49035,0.87496,1.1339,1.5295,1.5603,1.9406,1.9399,2.0663,2.2995,2.3559,2.3742,2.3542,2.2961,2.2011,2.1857,1.9496,1.7251,1.5559,1.4019,1.2779,0.86103
9,0.11717,0.63791,0.91243,1.1708,1.3508,1.5564,1.968,1.8781,1.9885,1.9211,2.0644,2.0974,2.1788,2.0969,1.6283,1.6657,1.5208,1.4258,1.1866,0.92638,0.64995
9,0.275,0.831,1.175,1.532,1.5,1.819,1.963,1.994,2.188,2.244,2.269,2.232,2.175,2.082,2.075,1.832,1.625,1.481,1.313,1.282,0.806
9,0.231,0.781,1.125,1.488,1.456,1.775,1.919,1.95,2.144,2.2,2.225,2.188,2.131,2.038,2.025,1.788,1.581,1.444,1.269,1.238,0.762
9,-0,0.274,0.625,0.949,1.193,1.393,1.868,1.793,1.862,1.812,1.943,2.081,2.093,1.993,1.637,1.562,1.537,1.306,1.093,0.775,0.524
9,-0.037,0.237,0.588,0.912,1.156,1.356,1.831,1.756,1.825,1.775,1.906,2.044,2.056,1.956,1.6,1.525,1.5,1.269,1.056,0.738,0.487
10,0.44921,0.5625,0.55677,0.68993,0.79276,0.8698,0.99556,1.0388,1.0707,1.1342,1.1171,1.1287,1.037,0.9898,0.94351,0.87612,0.80205,0.65167,0.70618,0.59501,0.41448
10,0.030474,0.16318,0.54702,0.51238,0.61397,0.78387,0.7293,0.81326,0.88579,0.85299,1.0034,0.88413,0.77313,0.83403,0.7587,0.72631,0.61038,0.50303,0.41236,0.21727,0.10558
10,0.369,0.562,0.575,0.668,0.818,0.894,0.975,1.019,1.012,1.088,1.106,1.037,1.007,0.931,0.9,0.85,0.775,0.588,0.7,0.606,0.413
10,0.344,0.537,0.544,0.637,0.787,0.863,0.95,0.994,0.981,1.063,1.081,1.006,0.988,0.906,0.875,0.831,0.75,0.569,0.669,0.575,0.388
10,-0,-0,0.475,0.475,0.569,0.781,0.7,0.788,0.869,0.863,0.988,0.869,0.738,0.813,0.719,0.656,0.582,0.431,0.319,0.088,0.013
10,-0.019,-0.019,0.456,0.456,0.55,0.762,0.681,0.769,0.85,0.844,0.969,0.85,0.719,0.794,0.7,0.637,0.563,0.412,0.3,0.069,-0.006
11,0.00097788,0.0997,0.22652,0.29764,0.37768,0.40723,0.4389,0.54014,0.56965,0.57213,0.62757,0.64821,0.64027,0.63334,0.62208,0.5883,0.57006,0.53921,0.44718,0.41651,0.38392
11,0,0,0.07409,0.24807,0.25072,0.31235,0.40648,0.36866,0.44877,0.51763,0.48136,0.51511,0.49179,0.5479,0.47873,0.50185,0.52954,0.49832,0.44091,0.37975,0.31476
11,0.05,0.107,0.213,0.256,0.357,0.394,0.451,0.525,0.544,0.544,0.575,0.582,0.569,0.582,0.569,0.556,0.556,0.513,0.45,0.407,0.387
11,0.044,0.094,0.194,0.237,0.338,0.375,0.438,0.506,0.525,0.525,0.556,0.563,0.55,0.563,0.55,0.537,0.537,0.494,0.431,0.388,0.362
11,0.006,-0,0.038,0.207,0.2,0.282,0.394,0.344,0.431,0.506,0.463,0.488,0.469,0.563,0.469,0.482,0.5,0.463,0.394,0.332,0.231
11,-0.013,-0.019,0.019,0.188,0.181,0.263,0.375,0.325,0.412,0.487,0.444,0.469,0.45,0.544,0.45,0.463,0.481,0.444,0.375,0.313,0.212
12,0.34688,0.52354,0.52956,0.78204,0.81157,0.93554,1.1232,1.1815,1.2429,1.2389,1.3074,1.3221,1.2768,1.2775,1.2287,1.09,1.0319,0.86731,0.879,0.71,0.57718
12,0.022373,0.41983,0.46545,0.58796,0.72084,0.95056,0.94419,1.0308,0.99143,1.0237,1.0599,1.0639,1.0475,1.0111,0.95528,0.95371,0.87383,0.83651,0.65981,0.56515,0.41956
12,0.325,0.493,0.556,0.768,0.818,1.018,1.125,1.144,1.162,1.137,1.174,1.187,1.168,1.193,1.15,1.05,0.968,0.856,0.843,0.718,0.462
12,0.244,0.412,0.469,0.681,0.731,0.931,1.044,1.063,1.081,1.05,1.087,1.1,1.081,1.106,1.063,0.963,0.881,0.769,0.756,0.631,0.375
12,-0.013,0.237,0.287,0.431,0.574,0.831,0.887,0.981,0.969,1.037,1.019,1.081,1.063,1.006,0.931,0.906,0.881,0.818,0.624,0.481,0.293
12,-0.1,0.15,0.2,0.344,0.487,0.744,0.8,0.894,0.894,0.95,0.944,1.006,0.988,0.931,0.856,0.825,0.794,0.731,0.537,0.394,0.206
13,0.12598,0.28536,0.314,0.40792,0.48037,0.54531,0.58597,0.60562,0.65451,0.67797,0.68496,0.68442,0.65861,0.65269,0.64035,0.59493,0.49378,0.46915,0.4503,0.3588,0.23913
13,0.0024462,0.15873,0.29821,0.37166,0.4389,0.40192,0.43648,0.49419,0.50989,0.55544,0.54378,0.58516,0.54474,0.60307,0.46289,0.53066,0.38245,0.37158,0.28764,0.24867,0.16513
13,0.088,0.281,0.363,0.394,0.475,0.556,0.594,0.619,0.668,0.675,0.693,0.65,0.662,0.656,0.631,0.575,0.469,0.45,0.419,0.319,0.194
13,0.038,0.25,0.313,0.381,0.444,0.525,0.563,0.569,0.637,0.644,0.662,0.631,0.631,0.625,0.581,0.525,0.425,0.419,0.369,0.313,0.163
13,-0.025,0.082,0.225,0.35,0.406,0.388,0.444,0.5,0.507,0.556,0.531,0.568,0.531,0.606,0.431,0.506,0.338,0.331,0.238,0.163,0.043
13,-0.05,0.038,0.194,0.319,0.375,0.344,0.4,0.469,0.463,0.525,0.487,0.537,0.487,0.575,0.406,0.475,0.313,0.306,0.194,0.138,0.018
14,0,0.17102,0.28401,0.47755,0.57349,0.72037,0.79351,0.85746,0.92884,0.97476,1.0059,1.0192,1.0011,0.99841,0.95084,0.91379,0.84921,0.77758,0.68101,0.61722,0.52196
14,0,0.076906,0.19721,0.31356,0.42352,0.52508,0.61646,0.81536,0.7513,0.77457,0.74485,0.85583,0.82282,0.87167,0.834,0.79501,0.75303,0.73129,0.60238,0.54616,0.41395
14,-0.019,0.087,0.163,0.419,0.663,0.713,0.807,0.9,0.938,0.938,1.006,1.025,0.969,0.988,0.932,0.913,0.819,0.762,0.688,0.606,0.488
14,-0.125,-0.013,0.063,0.325,0.569,0.619,0.713,0.8,0.844,0.844,0.912,0.931,0.875,0.894,0.838,0.819,0.725,0.675,0.594,0.512,0.394
14,-0,-0.038,0.081,0.181,0.287,0.487,0.556,0.794,0.731,0.756,0.712,0.856,0.774,0.843,0.831,0.8,0.737,0.694,0.55,0.45,0.282
14,-0.006,-0.044,0.075,0.175,0.281,0.481,0.531,0.7,0.644,0.65,0.625,0.769,0.687,0.756,0.744,0.713,0.65,0.6,0.463,0.356,0.188
15,0.28826,0.35297,0.43517,0.54918,0.58972,0.67653,0.64372,0.78019,0.8139,0.84662,0.84222,0.85228,0.84718,0.78502,0.72071,0.70607,0.66736,0.58722,0.50908,0.35998,0.3013
15,0.0037793,0.28723,0.38232,0.39142,0.55201,0.51631,0.57625,0.53132,0.59741,0.6092,0.6186,0.62876,0.72272,0.59046,0.5821,0.51108,0.44854,0.40455,0.32194,0.24762,0.1479
15,0.219,0.288,0.388,0.55,0.581,0.719,0.687,0.775,0.838,0.831,0.85,0.85,0.851,0.788,0.706,0.663,0.643,0.538,0.463,0.35,0.206
15,0.144,0.219,0.319,0.475,0.525,0.65,0.556,0.706,0.769,0.756,0.781,0.775,0.738,0.719,0.65,0.588,0.512,0.463,0.388,0.281,0.131
15,-0,0.2,0.331,0.3,0.487,0.481,0.569,0.55,0.581,0.637,0.6,0.669,0.688,0.625,0.569,0.519,0.413,0.325,0.194,0.156,-0.006
15,-0.056,0.169,0.3,0.231,0.431,0.412,0.456,0.475,0.512,0.581,0.544,0.613,0.619,0.569,0.5,0.463,0.338,0.256,0.138,0.087,-0.069
16,0,0.029086,0.061854,0.13865,0.5392,0.52434,0.681,0.68648,0.95664,1.0382,1.1055,1.1603,1.1926,1.2111,1.209,1.1089,1.1279,1.1228,1.0224,0.94542,0.91025
16,0,0,0.021744,0.06353,0.1986,0.32819,0.36772,0.70339,0.85166,0.93834,1.0092,1.0013,0.86778,1.1164,1.1149,1.046,1.0106,0.9573,0.75562,0.66537,0.72393
16,0.144,0.169,0.169,0.131,0.462,0.469,0.725,0.663,0.938,0.994,1.05,1.087,1.131,1.175,1.106,1.044,1.031,1.044,1.031,0.943,0.931
16,0.1,0.119,0.119,0.081,0.425,0.419,0.681,0.613,0.894,0.95,1.006,1.05,1.087,1.131,1.069,0.994,0.981,1,0.994,0.906,0.881
16,-0,0.05,0.113,0.044,0.107,0.125,0.2,0.482,0.663,0.794,0.907,0.844,0.781,1.013,0.963,0.882,0.825,0.806,0.606,0.456,0.55
16,-0.044,0.006,0.069,-0,0.063,0.081,0.15,0.438,0.619,0.75,0.863,0.8,0.731,0.969,0.919,0.838,0.781,0.762,0.556,0.412,0.506
17,0.15758,0.22745,0.35901,0.39001,0.47865,0.5525,0.59612,0.63926,0.668,0.62353,0.70598,0.70324,0.68735,0.66343,0.62726,0.60712,0.52496,0.49957,0.44159,0.32353,0.29745
17,0.026226,0.11777,0.24275,0.28664,0.3974,0.38964,0.4893,0.51079,0.52231,0.59856,0.56193,0.61354,0.59554,0.58361,0.51338,0.51084,0.48963,0.40024,0.37279,0.24302,0.17575
17,0.125,0.2,0.319,0.388,0.463,0.556,0.6,0.657,0.613,0.625,0.713,0.669,0.657,0.6,0.638,0.594,0.525,0.488,0.388,0.225,0.256
17,0.075,0.156,0.275,0.338,0.419,0.512,0.556,0.613,0.569,0.575,0.669,0.625,0.613,0.556,0.594,0.544,0.481,0.438,0.338,0.181,0.206
17,-0.006,-0,0.156,0.206,0.356,0.337,0.475,0.518,0.518,0.587,0.543,0.618,0.568,0.593,0.506,0.462,0.462,0.293,0.231,0.043,-0.007
17,-0.037,-0.031,0.106,0.175,0.325,0.306,0.444,0.487,0.487,0.55,0.512,0.581,0.531,0.556,0.475,0.425,0.431,0.256,0.2,0.006,-0.044
18,0.2158,0.34458,0.28857,0.47222,0.56084,0.61472,0.66774,0.7103,0.74165,0.70382,0.76882,0.77936,0.7474,0.74191,0.67886,0.63566,0.57582,0.50738,0.48012,0.43763,0.35633
18,0,0.18269,0.27058,0.42473,0.49884,0.4232,0.50865,0.53325,0.58324,0.59152,0.63955,0.60608,0.63324,0.56835,0.54553,0.45634,0.52509,0.4469,0.37363,0.29336,0.19369
18,0.157,0.306,0.287,0.444,0.544,0.613,0.669,0.713,0.75,0.744,0.744,0.731,0.713,0.731,0.663,0.613,0.563,0.469,0.444,0.425,0.357
18,0.094,0.237,0.231,0.375,0.481,0.544,0.6,0.644,0.681,0.688,0.675,0.662,0.644,0.662,0.594,0.544,0.494,0.4,0.381,0.362,0.294
18,-0,0.081,0.188,0.382,0.469,0.4,0.513,0.513,0.581,0.581,0.625,0.6,0.631,0.556,0.537,0.444,0.526,0.412,0.319,0.169,0.075
18,-0.056,0.031,0.138,0.319,0.406,0.35,0.463,0.463,0.525,0.531,0.575,0.544,0.575,0.5,0.487,0.388,0.463,0.362,0.269,0.119,0.025
19,0.16405,0.20931,0.25209,0.2727,0.26091,0.32368,0.38716,0.39033,0.41621,0.43554,0.43974,0.43777,0.43506,0.41557,0.40796,0.37046,0.34817,0.32625,0.26696,0.24779,0.20538
19,0.023496,0.037629,0.13911,0.18289,0.2231,0.25904,0.26187,0.28607,0.29591,0.28244,0.27354,0.35622,0.26829,0.25647,0.23885,0.29363,0.26326,0.22791,0.18818,0.14508,0.037139
19,0.088,0.163,0.207,0.238,0.244,0.325,0.394,0.387,0.419,0.419,0.419,0.413,0.419,0.407,0.407,0.363,0.343,0.325,0.25,0.231,0.175
19,0.069,0.144,0.188,0.144,0.138,0.219,0.375,0.287,0.325,0.4,0.4,0.394,0.325,0.388,0.313,0.344,0.237,0.231,0.231,0.125,0.081
19,-0.019,-0.05,0.006,0.138,0.15,0.225,0.256,0.294,0.275,0.275,0.262,0.319,0.219,0.231,0.256,0.306,0.238,0.2,0.169,0.088,-0.031
19,-0.119,-0.156,-0.094,0.038,0.05,0.125,0.156,0.194,0.169,0.169,0.156,0.219,0.119,0.131,0.156,0.206,0.138,0.1,0.069,-0.018,-0.131
20,0,0.027311,0.029835,0.14222,0.27565,0.47398,0.57071,0.75201,0.62747,0.8108,0.92871,0.96364,0.81252,0.99453,0.97393,0.96827,0.93118,0.88486,0.8266,0.75741,0.72954
20,0,0.0042338,0.0073535,0.0024702,0.060815,0.16551,0.40147,0.47403,0.55108,0.76093,0.77295,0.8502,0.77582,0.82967,0.69015,0.67275,0.7756,0.72919,0.46131,0.39828,0.32756
20,0.093,0.087,0.087,0.1,0.243,0.375,0.487,0.65,0.631,0.744,0.875,0.925,0.8,0.937,0.931,0.937,0.912,0.869,0.831,0.756,0.575
20,0.087,0.081,0.081,0.094,0.237,0.375,0.487,0.644,0.625,0.744,0.869,0.919,0.794,0.931,0.925,0.931,0.906,0.863,0.825,0.75,0.575
20,0.031,0.069,0.062,0.056,0.05,0.1,0.281,0.418,0.456,0.65,0.737,0.787,0.725,0.75,0.694,0.637,0.737,0.643,0.062,0.043,0.012
20,0.025,0.063,0.056,0.05,0.044,0.094,0.275,0.412,0.45,0.644,0.731,0.781,0.719,0.744,0.688,0.631,0.731,0.637,0.056,0.037,0.006
21,0.086972,0.24456,0.30946,0.36892,0.4372,0.50102,0.53971,0.54403,0.58393,0.63672,0.64954,0.66177,0.65021,0.63102,0.62869,0.56034,0.55922,0.47337,0.40909,0.35002,0.31999
21,0,0.082767,0.27075,0.26358,0.35036,0.47432,0.43993,0.44335,0.47572,0.5369,0.61662,0.64713,0.59132,0.50542,0.49327,0.49791,0.45513,0.40379,0.37882,0.3075,0.2301
21,0.062,0.226,0.275,0.326,0.451,0.488,0.576,0.55,0.588,0.607,0.619,0.651,0.638,0.6,0.619,0.55,0.538,0.438,0.4,0.313,0.294
21,-0.007,0.163,0.212,0.263,0.388,0.425,0.513,0.481,0.519,0.544,0.556,0.588,0.575,0.537,0.55,0.487,0.469,0.375,0.331,0.244,0.225
21,0.012,0.012,0.201,0.206,0.307,0.444,0.401,0.412,0.437,0.506,0.588,0.651,0.563,0.475,0.463,0.5,0.4,0.362,0.338,0.226,0.119
21,-0.044,-0.044,0.138,0.15,0.244,0.381,0.338,0.356,0.381,0.45,0.525,0.588,0.5,0.412,0.4,0.444,0.344,0.306,0.275,0.163,0.056
22,0.17103,0.30923,0.38675,0.35716,0.51621,0.54119,0.5779,0.61799,0.67362,0.69095,0.69728,0.6925,0.67669,0.6468,0.62127,0.62188,0.52553,0.52236,0.46127,0.39287,0.31654
22,0.0043421,0.098681,0.31619,0.38984,0.45697,0.39289,0.56718,0.51359,0.56315,0.544,0.55434,0.58798,0.57938,0.52098,0.45838,0.48987,0.44051,0.3752,0.34653,0.22986,0.19206
22,0.107,0.251,0.425,0.331,0.494,0.532,0.569,0.606,0.657,0.682,0.676,0.676,0.657,0.651,0.619,0.588,0.494,0.507,0.419,0.35,0.288
22,0.038,0.188,0.362,0.256,0.431,0.463,0.5,0.537,0.594,0.619,0.613,0.613,0.594,0.588,0.556,0.519,0.419,0.438,0.35,0.281,0.219
22,-0.012,-0,0.226,0.357,0.432,0.375,0.563,0.519,0.556,0.544,0.562,0.582,0.569,0.519,0.432,0.463,0.394,0.344,0.288,0.181,0.094
22,-0.075,-0.063,0.163,0.294,0.369,0.306,0.5,0.456,0.481,0.469,0.487,0.519,0.506,0.444,0.369,0.4,0.331,0.281,0.225,0.106,0.031
23,0.11874,0.2278,0.29136,0.37004,0.42367,0.44213,0.51424,0.5262,0.59209,0.58768,0.61271,0.61252,0.60356,0.57835,0.55158,0.51061,0.46202,0.40781,0.34356,0.27573,0.22138
23,0.029429,0.10482,0.17161,0.33128,0.39481,0.40232,0.45149,0.49248,0.52458,0.54723,0.58609,0.57014,0.58901,0.57065,0.53879,0.50709,0.44137,0.34527,0.28276,0.22164,0.16386
23,0.05,0.088,0.175,0.319,0.369,0.437,0.5,0.537,0.594,0.581,0.632,0.607,0.632,0.569,0.331,0.188,0.176,0.2,0.157,0.069,0.006
23,-0.025,-0.006,0.081,0.225,0.256,0.362,0.406,0.456,0.481,0.506,0.519,0.494,0.519,0.475,0.218,0.075,0.063,0.106,0.044,-0.044,-0.088
23,-0.013,-0.019,-0.007,0.2,0.35,0.299,0.393,0.468,0.531,0.518,0.537,0.518,0.519,0.576,0.432,0.268,0.126,0.05,0.076,0.038,0.038
23,-0.119,-0.125,-0.113,0.087,0.237,0.212,0.306,0.381,0.444,0.431,0.45,0.431,0.406,0.463,0.319,0.181,0.013,-0.056,-0.037,-0.075,-0.075
24,0,0.030713,0.15353,0.35826,0.52767,0.58773,0.72908,0.79059,0.86236,0.81366,0.86858,0.90841,0.93246,0.94032,0.93187,0.9226,0.88684,0.87443,0.80534,0.72488,0.61835
24,0,0,0,0.098735,0.35655,0.38121,0.56668,0.49165,0.63755,0.65252,0.69977,0.70893,0.81114,0.86396,0.85206,0.82438,0.78141,0.72101,0.70492,0.61906,0.54114
24,0.012,0.044,0.082,0.288,0.456,0.574,0.731,0.781,0.849,0.762,0.812,0.837,0.843,0.837,0.843,0.849,0.825,0.85,0.8,0.731,0.581
24,-0.063,-0.031,0.007,0.194,0.375,0.487,0.644,0.694,0.762,0.681,0.731,0.756,0.762,0.756,0.762,0.762,0.738,0.769,0.719,0.65,0.5
24,-0,0.025,-0.031,-0.012,0.193,0.212,0.518,0.5,0.575,0.637,0.775,0.625,0.756,0.819,0.806,0.8,0.743,0.663,0.668,0.537,0.393
24,-0.087,-0.056,-0.106,-0.087,0.106,0.131,0.431,0.419,0.494,0.556,0.694,0.544,0.681,0.738,0.725,0.719,0.662,0.588,0.581,0.45,0.306
25,0.010455,0,0.031435,0.25095,0.17381,0.37755,0.43248,0.48326,0.52713,0.52056,0.59222,0.55936,0.62415,0.56603,0.62501,0.59,0.53814,0.57493,0.50496,0.46197,0.43825
25,0,0,0,0,0.070194,0.12282,0.189,0.25784,0.34771,0.39811,0.41374,0.5025,0.46923,0.44391,0.46482,0.3948,0.36394,0.33662,0.42625,0.37914,0.21836
25,0.069,0.025,0.032,0.212,0.144,0.35,0.4,0.462,0.531,0.519,0.593,0.6,0.656,0.594,0.638,0.581,0.519,0.501,0.4,0.363,0.25
25,0.006,-0.038,-0.031,0.156,0.081,0.294,0.344,0.406,0.475,0.456,0.537,0.544,0.6,0.531,0.582,0.525,0.456,0.438,0.337,0.3,0.194
25,0.019,0.025,0.019,0.013,0.062,0.063,0.106,0.162,0.282,0.326,0.375,0.481,0.481,0.45,0.481,0.418,0.362,0.312,0.356,0.225,-0.007
25,-0.037,-0.031,-0.037,-0.037,0.006,0.013,0.05,0.106,0.219,0.263,0.319,0.425,0.425,0.394,0.425,0.362,0.306,0.256,0.3,0.169,-0.063
26,0,0,0,0.043395,0.2954,0.18425,0.41743,0.46533,0.45957,0.544,0.59294,0.62085,0.59068,0.65107,0.65151,0.6184,0.62173,0.60308,0.56141,0.51984,0.49764
26,0,0,0.0051403,0,0.0073209,0.0666,0.13502,0.19293,0.35572,0.27249,0.37301,0.46621,0.41168,0.43533,0.45243,0.52619,0.41216,0.48494,0.45104,0.40904,0.35973
26,0.069,0.056,0.063,0.075,0.282,0.157,0.381,0.475,0.444,0.563,0.569,0.594,0.594,0.632,0.669,0.619,0.613,0.575,0.556,0.5,0.5
26,0.05,0.037,0.044,0.056,0.263,0.138,0.362,0.456,0.425,0.544,0.55,0.575,0.575,0.613,0.644,0.6,0.594,0.556,0.537,0.481,0.481
26,0.013,0.032,0.069,0.044,0.032,0.063,0.138,0.15,0.313,0.244,0.332,0.457,0.388,0.419,0.425,0.488,0.363,0.457,0.419,0.338,0.288
26,-0.006,0.013,0.05,0.025,0.013,0.044,0.119,0.131,0.294,0.225,0.313,0.438,0.369,0.4,0.406,0.469,0.344,0.438,0.4,0.319,0.269
27,0.23289,0.32066,0.39214,0.43482,0.51587,0.556,0.61258,0.62564,0.65177,0.66729,0.68942,0.68408,0.67045,0.6422,0.63191,0.59097,0.54964,0.49255,0.43392,0.31359,0.27841
27,0.034843,0.10499,0.32466,0.3953,0.45932,0.4289,0.48068,0.48819,0.51648,0.55162,0.4963,0.53364,0.56283,0.50432,0.53584,0.42012,0.34554,0.33163,0.23402,0.16508,0.093559
27,0.138,0.225,0.356,0.363,0.469,0.581,0.556,0.581,0.6,0.638,0.675,0.662,0.662,0.631,0.6,0.543,0.524,0.5,0.375,0.281,0.262
27,0.113,0.2,0.331,0.338,0.444,0.556,0.531,0.556,0.575,0.613,0.65,0.637,0.637,0.606,0.563,0.506,0.487,0.463,0.338,0.256,0.206
27,-0.006,-0,0.188,0.312,0.381,0.381,0.475,0.444,0.5,0.562,0.5,0.519,0.562,0.456,0.387,0.169,0.044,0.062,0.032,-0,-0.019
27,-0.031,-0.025,0.163,0.287,0.356,0.356,0.45,0.419,0.475,0.537,0.475,0.494,0.537,0.431,0.362,0.144,0.019,0.037,0.007,-0.025,-0.044
28,0.44473,0.68994,0.79016,0.93865,1.015,1.1046,1.1768,1.2304,1.2645,1.2014,1.2721,1.211,1.1853,1.1205,1.0504,1.0681,0.96345,0.68183,0.73706,0.59069,0.24297
28,0.13053,0.56315,0.69921,0.67237,0.77128,0.82602,0.79613,0.99593,0.912,0.93062,0.98328,0.92482,0.89137,0.92427,0.97926,0.80142,0.59499,0.64952,0.33934,0.22188,0.08763
28,0.337,0.6,0.725,0.919,0.988,1.063,1.113,1.157,1.169,1.087,1.207,1.162,1.088,1.032,0.975,1.006,0.919,0.587,0.669,0.468,0.162
28,0.281,0.55,0.681,0.869,0.944,1.019,1.069,1.113,1.125,1.031,1.163,1.125,1.044,0.988,0.931,0.95,0.863,0.55,0.613,0.412,0.125
28,-0,0.418,0.581,0.556,0.662,0.75,0.719,0.943,0.912,0.863,0.95,0.869,0.862,0.887,0.968,0.806,0.481,0.574,0.3,0.125,0.031
28,-0,0.381,0.544,0.5,0.631,0.719,0.719,0.912,0.912,0.863,0.919,0.869,0.831,0.856,0.931,0.775,0.481,0.537,0.269,0.125,0.031
29,0,0.023139,0.017946,0.11811,0.24446,0.34818,0.43815,0.48519,0.67501,0.69764,0.77542,0.8177,0.84118,0.84926,0.86089,0.83539,0.82914,0.76681,0.72233,0.72634,0.66679
29,0,0,0,0.03736,0.0286,0.15346,0.23026,0.41405,0.49011,0.59586,0.65094,0.57639,0.53955,0.60777,0.78786,0.77731,0.60997,0.68537,0.63917,0.54905,0.53148
29,0.081,0.113,0.094,0.144,0.219,0.357,0.482,0.463,0.643,0.656,0.781,0.806,0.799,0.818,0.85,0.856,0.837,0.718,0.725,0.7,0.632
29,0.037,0.069,0.05,0.1,0.175,0.313,0.438,0.419,0.606,0.619,0.75,0.769,0.762,0.787,0.813,0.825,0.8,0.681,0.694,0.656,0.588
29,0.018,0.006,0.024,0.056,0.03,0.1,0.162,0.375,0.387,0.524,0.556,0.468,0.412,0.512,0.768,0.712,0.481,0.574,0.524,0.381,0.269
29,-0.019,-0.031,-0.013,0.019,-0.007,0.063,0.131,0.338,0.35,0.487,0.519,0.431,0.381,0.475,0.731,0.675,0.444,0.537,0.487,0.344,0.232
30,0,0,0.025119,0.024206,0.10628,0.17663,0.42243,0.48759,0.55607,0.5354,0.58715,0.68187,0.6083,0.67509,0.64331,0.67965,0.67262,0.64479,0.67619,0.63328,0.58592
30,0,0,0,0,0,0.073374,0.11394,0.17907,0.40561,0.5118,0.44709,0.48588,0.62265,0.54922,0.47332,0.54049,0.54584,0.58752,0.55195,0.49633,0.43282
30,0.075,0.068,0.068,0.087,0.131,0.156,0.45,0.469,0.531,0.512,0.575,0.669,0.6,0.669,0.625,0.681,0.657,0.65,0.644,0.625,0.6
30,0.025,0.012,0.018,0.031,0.075,0.1,0.4,0.419,0.481,0.456,0.519,0.619,0.544,0.619,0.569,0.625,0.607,0.6,0.594,0.575,0.55
30,0.007,0.025,0.031,0.05,0.025,0.075,0.05,0.1,0.412,0.469,0.4,0.468,0.619,0.569,0.506,0.531,0.544,0.5,0.531,0.463,0.244
30,-0.037,-0.019,-0.019,-0,-0.025,0.025,-0,0.05,0.362,0.419,0.344,0.412,0.569,0.519,0.456,0.475,0.494,0.456,0.481,0.413,0.194
31,0,0.016855,0,0.068,0.14509,0.24552,0.34792,0.47759,0.52899,0.57325,0.60952,0.63717,0.63614,0.64487,0.64355,0.63219,0.611,0.58033,0.54993,0.5575,0.5108
31,0,0,0.011909,0,0.027356,0.095422,0.16088,0.2262,0.28148,0.47799,0.36492,0.46042,0.5103,0.4305,0.50609,0.43396,0.47659,0.52442,0.48772,0.4574,0.38921
31,0.056,0.118,0.063,0.087,0.113,0.15,0.231,0.3,0.581,0.625,0.65,0.681,0.681,0.656,0.669,0.656,0.625,0.587,0.563,0.532,0.481
31,-0.119,-0.057,-0.087,-0.063,-0.037,-0,0.081,0.125,0.406,0.45,0.475,0.506,0.506,0.481,0.494,0.481,0.45,0.412,0.388,0.382,0.362
31,0.007,0.025,0.044,0.069,0.088,0.106,0.125,0.163,0.181,0.488,0.381,0.475,0.594,0.412,0.488,0.425,0.456,0.456,0.4,0.355,0.238
31,-0.106,-0.094,-0.075,-0.106,-0.087,-0.069,-0.05,-0.012,0.006,0.369,0.2,0.3,0.419,0.237,0.313,0.25,0.281,0.337,0.281,0.224,0.088
32,0.12752,0.33294,0.41464,0.43909,0.51008,0.60662,0.66465,0.70522,0.64445,0.70549,0.72522,0.74356,0.6903,0.72192,0.61513,0.60652,0.55088,0.53001,0.51521,0.41847,0.30698
32,0,0.06481,0.18042,0.30678,0.47349,0.49291,0.45001,0.48373,0.52896,0.55267,0.53413,0.56652,0.55643,0.50522,0.47396,0.43265,0.50712,0.32876,0.34906,0.30733,0.10252
32,0.05,0.225,0.343,0.438,0.519,0.562,0.625,0.681,0.65,0.668,0.699,0.699,0.693,0.687,0.575,0.568,0.543,0.5,0.475,0.369,0.256
32,0.019,0.188,0.306,0.425,0.506,0.525,0.588,0.644,0.619,0.631,0.662,0.662,0.662,0.65,0.544,0.531,0.512,0.469,0.456,0.344,0.225
32,-0.006,-0,0.063,0.194,0.406,0.462,0.413,0.444,0.494,0.519,0.525,0.557,0.538,0.494,0.451,0.407,0.512,0.312,0.325,0.274,0.018
32,-0.019,-0.025,0.05,0.163,0.369,0.431,0.4,0.431,0.481,0.506,0.512,0.544,0.525,0.481,0.438,0.394,0.481,0.287,0.294,0.237,-0.007
33,0.21545,0.28864,0.34923,0.4097,0.41709,0.47544,0.515,0.59927,0.62429,0.63008,0.64578,0.63824,0.62883,0.59777,0.56762,0.50737,0.49854,0.43159,0.41176,0.31564,0.24653
33,0.028906,0.22961,0.23516,0.37093,0.36547,0.38507,0.46117,0.57124,0.53427,0.59321,0.49066,0.55613,0.5314,0.53335,0.54355,0.50066,0.44158,0.30419,0.31855,0.24507,0.15169
33,0.187,0.268,0.343,0.425,0.432,0.469,0.519,0.593,0.587,0.607,0.662,0.593,0.606,0.606,0.556,0.494,0.456,0.381,0.338,0.226,0.143
33,0.131,0.212,0.287,0.369,0.369,0.406,0.456,0.537,0.531,0.544,0.606,0.537,0.55,0.55,0.5,0.438,0.381,0.325,0.275,0.163,0.087
33,0.006,0.181,0.212,0.362,0.356,0.375,0.456,0.581,0.519,0.6,0.468,0.537,0.525,0.506,0.5,0.475,0.418,0.244,0.231,0.156,0.087
33,-0.05,0.125,0.156,0.306,0.3,0.319,0.4,0.525,0.463,0.544,0.412,0.481,0.469,0.45,0.444,0.419,0.362,0.188,0.175,0.1,0.031
34,0.17634,0.22019,0.23705,0.30562,0.32736,0.37009,0.3498,0.38298,0.41847,0.41933,0.42612,0.41743,0.40039,0.37428,0.34692,0.35472,0.27565,0.23142,0.1864,0.13697,0.1507
34,0.051255,0.18562,0.19616,0.27402,0.31168,0.34409,0.37068,0.39099,0.33269,0.32624,0.33538,0.32632,0.33236,0.35993,0.30844,0.30265,0.2153,0.22413,0.16277,0.11634,0.040529
34,0.156,0.219,0.269,0.312,0.325,0.362,0.344,0.356,0.387,0.387,0.431,0.406,0.412,0.375,0.375,0.331,0.25,0.206,0.168,0.105,0.131
34,0.075,0.138,0.188,0.231,0.244,0.281,0.269,0.275,0.306,0.306,0.35,0.325,0.331,0.294,0.294,0.25,0.175,0.125,0.087,0.024,0.05
34,-0,0.138,0.144,0.275,0.3,0.344,0.375,0.4,0.318,0.3,0.312,0.312,0.306,0.337,0.281,0.3,0.194,0.2,0.112,0.056,-0
34,-0.081,0.057,0.069,0.194,0.219,0.263,0.294,0.319,0.237,0.219,0.231,0.231,0.225,0.256,0.206,0.219,0.113,0.119,0.037,-0.019,-0.081
35,0.16929,0.25171,0.33007,0.32705,0.38875,0.45562,0.52725,0.5557,0.6198,0.62058,0.6336,0.64077,0.62465,0.62262,0.57116,0.54136,0.52011,0.46173,0.37884,0.31875,0.23203
35,0.028366,0.13593,0.2105,0.35832,0.42317,0.48088,0.53043,0.51753,0.60185,0.53812,0.55285,0.52429,0.55165,0.51403,0.4855,0.46843,0.41343,0.40796,0.34515,0.27801,0.20186
35,0.118,0.243,0.312,0.319,0.382,0.438,0.518,0.544,0.637,0.625,0.612,0.594,0.594,0.619,0.556,0.543,0.488,0.463,0.356,0.306,0.206
35,0.087,0.212,0.275,0.275,0.338,0.394,0.487,0.5,0.6,0.581,0.581,0.55,0.563,0.575,0.519,0.512,0.444,0.4,0.325,0.275,0.175
35,-0.012,-0.007,0.025,0.331,0.388,0.469,0.525,0.519,0.613,0.519,0.563,0.493,0.519,0.5,0.449,0.444,0.394,0.357,0.288,0.244,0.075
35,-0.056,-0.044,-0.019,0.287,0.344,0.425,0.481,0.475,0.569,0.475,0.519,0.456,0.475,0.463,0.412,0.4,0.35,0.313,0.244,0.2,0.031
36,0.8354,0.87712,1.0743,1.1006,1.1934,1.2636,1.3108,1.3302,1.3324,1.3652,1.3114,1.2959,1.1208,1.1639,0.91081,0.81646,0.70154,0.54501,0.40813,0.14753,0.0099936
36,0.3261,0.80873,0.92717,1.0302,1.1159,1.1359,1.2299,1.214,1.2612,1.1688,1.2077,1.1,0.99042,0.93476,0.67318,0.62571,0.51226,0.213,0.27788,0.018248,0
36,0.825,0.882,1.1,1.113,1.238,1.231,1.338,1.319,1.325,1.337,1.294,1.275,1.113,1.1,0.881,0.844,0.706,0.475,0.406,0.101,0.144
36,0.775,0.863,1.05,1.094,1.188,1.212,1.288,1.288,1.275,1.306,1.244,1.244,1.063,1.081,0.831,0.813,0.656,0.425,0.356,0.088,0.1
36,-0.106,0.575,0.869,0.982,1.119,1.1,1.207,1.138,1.219,1.118,1.113,1.063,0.875,0.857,0.594,0.575,0.369,0.119,0.238,0.094,0.088
36,-0.15,0.531,0.825,0.938,1.075,1.056,1.163,1.094,1.175,1.087,1.069,1.019,0.838,0.813,0.563,0.544,0.325,0.094,0.225,0.05,0.044
37,0.17408,0.35187,0.40926,0.43601,0.4868,0.57915,0.59887,0.65202,0.70062,0.70131,0.69869,0.69385,0.6597,0.63879,0.60157,0.53408,0.53584,0.50234,0.40787,0.32325,0.17896
37,0.031616,0.11709,0.34879,0.42026,0.48471,0.54101,0.5882,0.62546,0.55776,0.56836,0.64374,0.58198,0.62255,0.55305,0.55763,0.51005,0.45342,0.3529,0.31709,0.24439,0.12789
37,0.044,0.275,0.369,0.444,0.494,0.556,0.606,0.631,0.663,0.688,0.662,0.656,0.637,0.625,0.575,0.537,0.537,0.475,0.369,0.281,0.137
37,0.019,0.256,0.35,0.419,0.469,0.55,0.581,0.625,0.644,0.669,0.656,0.637,0.631,0.619,0.556,0.531,0.512,0.45,0.344,0.256,0.131
37,-0,-0,0.293,0.381,0.462,0.512,0.575,0.619,0.562,0.557,0.644,0.557,0.619,0.557,0.544,0.494,0.451,0.332,0.288,0.207,0.094
37,-0.025,-0.025,0.287,0.375,0.456,0.506,0.569,0.613,0.537,0.544,0.631,0.544,0.606,0.544,0.531,0.481,0.438,0.319,0.275,0.194,0.081
39,0.027567,0.25855,0.33054,0.37038,0.45132,0.48562,0.48771,0.58827,0.56105,0.62052,0.64558,0.60697,0.61143,0.62893,0.53206,0.5417,0.50281,0.41641,0.34083,0.25658,0.2055
39,0,0.038163,0.10261,0.16611,0.22429,0.28767,0.42649,0.44873,0.39991,0.46258,0.47931,0.55014,0.54554,0.4357,0.40681,0.38976,0.34262,0.29527,0.26543,0.17786,0.12319
39,-0.012,0.175,0.282,0.319,0.45,0.494,0.488,0.594,0.55,0.588,0.607,0.613,0.569,0.475,0.119,0.163,0.15,0.094,0.063,0.019,0.025
39,-0.025,0.156,0.263,0.3,0.431,0.475,0.469,0.575,0.531,0.569,0.588,0.594,0.556,0.456,0.1,0.144,0.131,0.075,0.044,0.006,0.006
39,-0,-0.006,-0,-0.006,0.02,0.032,0.363,0.432,0.382,0.463,0.476,0.494,0.381,0.076,0.057,0.057,0.032,0.02,0.026,-0.006,-0.012
39,-0.013,-0.019,-0.013,-0.019,0.007,0.019,0.344,0.419,0.369,0.45,0.463,0.475,0.362,0.063,0.044,0.044,0.019,0.007,0.013,-0.019,-0.025
40,0.045302,0.0048631,0.78086,0.88049,1.2382,1.325,1.4522,1.7898,1.9128,2.0208,2.0752,2.0886,2.1085,2.0511,2.1584,2.0498,1.7227,1.7209,1.5552,1.2724,1.3203
40,0,0.21307,0.0094955,0.3898,0.47879,0.6966,1.1905,1.3729,1.5752,1.4425,1.5867,1.6185,1.585,1.706,1.863,1.7952,1.6954,1.5655,1.4077,1.1814,0.98163
40,0.156,0.019,0.706,0.731,1.213,1.2,1.525,1.706,1.956,1.969,2.069,2.037,2.075,2.088,2.087,1.894,1.663,1.644,1.456,1.051,1.119
40,0.081,-0.044,0.6,0.656,1.119,1.125,1.45,1.6,1.85,1.863,1.988,1.962,2,2.013,1.981,1.8,1.6,1.569,1.381,0.988,1.044
40,0.019,0.294,0.045,0.313,0.382,0.625,1.162,1.281,1.631,1.357,1.5,1.55,1.644,1.55,1.769,1.7,1.55,1.419,1.119,0.813,0.55
40,-0.056,0.219,-0.024,0.244,0.313,0.556,1.087,1.206,1.556,1.288,1.431,1.481,1.575,1.481,1.694,1.625,1.475,1.344,1.044,0.75,0.487
41,0.044747,0,0.069461,0.26689,0.3357,0.384,0.40015,0.49727,0.46874,0.51309,0.58807,0.62635,0.63488,0.63338,0.62186,0.6332,0.53326,0.57861,0.50712,0.45511,0.40195
41,0,0,0,0.10576,0.15382,0.22615,0.28666,0.39686,0.37982,0.45506,0.45819,0.48481,0.49181,0.51446,0.48679,0.55312,0.45328,0.47495,0.45543,0.40606,0.25775
41,0.05,0.007,0.026,0.212,0.294,0.35,0.431,0.5,0.476,0.519,0.582,0.637,0.656,0.637,0.625,0.663,0.55,0.582,0.537,0.438,0.381
41,-0.081,-0.006,0.013,0.081,0.163,0.219,0.287,0.369,0.463,0.506,0.438,0.506,0.525,0.506,0.494,0.519,0.419,0.438,0.412,0.313,0.25
41,0.006,-0,-0.013,0.075,0.112,0.143,0.244,0.369,0.368,0.431,0.437,0.494,0.487,0.5,0.463,0.556,0.4,0.431,0.388,0.281,0.012
41,-0.125,-0.125,-0.144,-0.063,-0.019,0.018,0.119,0.238,0.237,0.306,0.306,0.356,0.362,0.375,0.338,0.425,0.275,0.3,0.257,0.15,-0.113
42,0.30046,0.36992,0.45266,0.49525,0.56626,0.59957,0.63165,0.64561,0.6651,0.66589,0.66283,0.60449,0.62699,0.56465,0.54184,0.46276,0.41937,0.4028,0.33514,0.25346,0.077854
42,0.12721,0.20505,0.3362,0.39784,0.50243,0.56713,0.51717,0.50991,0.57781,0.58369,0.57115,0.55762,0.5252,0.43315,0.38942,0.44153,0.36455,0.29663,0.15271,0.082559,0.024607
42,0.213,0.269,0.4,0.494,0.563,0.613,0.644,0.638,0.65,0.675,0.656,0.574,0.6,0.55,0.506,0.425,0.381,0.406,0.287,0.181,0.038
42,0.163,0.219,0.35,0.45,0.519,0.569,0.6,0.594,0.606,0.631,0.606,0.537,0.563,0.506,0.456,0.381,0.344,0.369,0.25,0.144,-0.006
42,-0,0.006,0.219,0.325,0.469,0.544,0.488,0.5,0.569,0.575,0.587,0.556,0.513,0.425,0.356,0.419,0.344,0.256,0.1,0.044,0.019
42,-0.05,-0.044,0.175,0.281,0.419,0.494,0.438,0.45,0.525,0.531,0.537,0.506,0.463,0.375,0.306,0.369,0.3,0.212,0.05,-0.006,-0.031
43,0.095209,0.4082,0.46031,0.59878,0.55225,0.62859,0.70284,0.76575,0.76066,0.85343,0.8767,0.93643,0.88009,0.87104,0.83767,0.80136,0.68884,0.66035,0.57889,0.4736,0.45225
43,0.00014409,0.073014,0.19124,0.34422,0.45458,0.56998,0.4803,0.53647,0.58094,0.64066,0.62051,0.73797,0.65959,0.70057,0.77185,0.54931,0.46652,0.48796,0.35143,0.2172,0.18106
43,-0.038,0.313,0.413,0.538,0.512,0.631,0.718,0.787,0.744,0.812,0.862,0.887,0.843,0.837,0.831,0.781,0.693,0.65,0.512,0.368,0.3
43,-0.094,0.25,0.338,0.475,0.431,0.55,0.637,0.706,0.688,0.731,0.781,0.831,0.762,0.756,0.75,0.725,0.637,0.569,0.431,0.287,0.219
43,0.007,-0.019,0.037,0.256,0.406,0.568,0.475,0.525,0.569,0.644,0.581,0.694,0.638,0.625,0.769,0.525,0.394,0.413,0.169,0.013,0.044
43,-0.037,-0.063,-0.007,0.212,0.362,0.512,0.431,0.481,0.525,0.6,0.537,0.65,0.594,0.581,0.713,0.481,0.35,0.369,0.125,-0.031,-0
44,0.45352,0.92391,0.97981,1.2622,1.6235,1.5726,1.768,2.0694,2.1972,2.2647,2.3068,2.3044,2.2669,2.2451,2.0898,1.9533,1.7776,1.5959,1.3811,1.1472,1.0885
44,0.043906,0.71252,0.7798,1.0353,1.4594,1.4222,1.8419,1.6412,1.7891,1.8796,1.8772,1.9871,1.9684,1.9134,1.6189,1.6985,1.6164,1.4632,1.2391,0.99355,0.7309
44,0.457,0.931,1.007,1.25,1.625,1.575,1.769,2.081,2.193,2.244,2.256,2.25,2.206,2.213,2.075,1.937,1.769,1.569,1.362,1.1,1.094
44,0.388,0.85,0.938,1.181,1.544,1.5,1.694,1.994,2.112,2.163,2.175,2.169,2.125,2.144,1.994,1.856,1.688,1.488,1.281,1.019,1.025
44,-0.025,0.538,0.531,0.788,1.344,1.319,1.763,1.538,1.707,1.925,1.75,1.906,1.869,1.775,1.519,1.519,1.513,1.444,1.182,0.831,0.569
44,-0.094,0.463,0.456,0.713,1.269,1.256,1.688,1.469,1.638,1.856,1.681,1.837,1.8,1.706,1.45,1.45,1.438,1.375,1.113,0.762,0.5
45,0.96407,1.1814,1.3902,1.5762,1.7414,1.8826,1.9975,2.0831,2.1338,2.1659,2.1667,2.1234,2.056,1.9592,1.8346,1.6844,1.5112,1.3179,1.0871,0.86191,0.78496
45,0.95849,1.141,1.3672,1.5674,1.7241,1.7663,1.9812,2.0238,2.0803,2.1044,2.0955,2.0539,1.9802,1.8758,1.7423,1.5497,1.43,1.2273,0.9536,0.83935,0.60311
45,0.775,1.062,1.299,1.575,1.693,1.825,1.881,1.956,2.087,2.137,2.031,2.068,1.993,1.9,1.799,1.656,1.481,1.275,1.037,0.831,0.656
45,0.688,0.975,1.212,1.488,1.606,1.738,1.794,1.869,2,2.05,1.944,1.981,1.906,1.813,1.712,1.569,1.394,1.188,0.95,0.744,0.569
45,0.843,1.025,1.275,1.556,1.662,1.706,1.868,2,2.081,2.106,2.068,2.037,1.956,1.856,1.737,1.543,1.431,1.168,0.9,0.724,0.525
45,0.756,0.938,1.188,1.469,1.575,1.619,1.781,1.913,1.994,2.019,1.981,1.95,1.869,1.769,1.65,1.456,1.344,1.081,0.813,0.637,0.438
46,0.044345,0.14795,0.15281,0.19296,0.2405,0.29125,0.37378,0.38979,0.4084,0.42059,0.40195,0.42495,0.43273,0.42332,0.39471,0.3866,0.36146,0.32297,0.27475,0.25483,0.21009
46,0,0.038938,0.077916,0.21771,0.2256,0.25543,0.33721,0.31791,0.38406,0.30142,0.30352,0.30396,0.30071,0.2982,0.27073,0.25157,0.23457,0.18928,0.15278,0.12616,0.080233
46,-0.019,0.075,0.106,0.175,0.262,0.293,0.368,0.388,0.406,0.419,0.368,0.406,0.418,0.381,0.394,0.374,0.362,0.287,0.231,0.237,0.181
46,-0.1,-0,0.025,0.094,0.181,0.212,0.287,0.313,0.331,0.344,0.287,0.331,0.331,0.294,0.313,0.287,0.275,0.206,0.144,0.15,0.094
46,-0.013,-0.007,-0,0.162,0.263,0.256,0.344,0.306,0.375,0.293,0.325,0.319,0.287,0.306,0.263,0.244,0.231,0.156,0.094,0.063,0.006
46,-0.063,-0.063,-0.05,0.087,0.188,0.181,0.269,0.225,0.3,0.237,0.275,0.269,0.237,0.256,0.206,0.194,0.181,0.106,0.044,0.013,-0.044
47,0.02956,0.41102,0.73808,0.75238,1.0123,1.1441,1.3554,1.4112,1.4601,1.5394,1.603,1.6293,1.6232,1.533,1.4235,1.4389,1.4384,1.337,1.0692,1.0676,0.74678
47,0,0,0.15193,0.74052,0.90408,1.0526,1.1834,1.1996,1.0159,1.1578,1.2019,1.1265,1.4245,1.3947,1.34,1.3221,1.2172,1.0392,0.89897,0.74265,0.57303
47,0.025,0.337,0.744,0.781,1.05,1.163,1.381,1.375,1.425,1.512,1.506,1.556,1.562,1.475,1.356,1.368,1.438,1.319,1.056,1.032,0.775
47,-0.019,0.3,0.644,0.744,1.006,1.119,1.344,1.325,1.388,1.475,1.469,1.519,1.525,1.438,1.319,1.331,1.394,1.275,1.019,0.988,0.738
47,0.006,-0.006,0.006,0.618,0.856,0.975,1.093,1.119,0.969,1.15,1.225,1.081,1.332,1.294,1.238,1.243,1.15,0.931,0.781,0.613,0.407
47,-0.013,-0.031,-0.019,0.581,0.819,0.938,1.056,1.1,0.95,1.125,1.2,1.056,1.313,1.275,1.219,1.206,1.113,0.912,0.762,0.594,0.388
48,0.26414,0.37606,0.46562,0.50638,0.64167,0.69628,0.75224,0.7972,0.8502,0.84917,0.85854,0.84414,0.80814,0.80462,0.76524,0.70928,0.61049,0.49453,0.49356,0.40199,0.25437
48,0.08814,0.17528,0.39027,0.53893,0.46289,0.5591,0.65886,0.65191,0.68001,0.70931,0.61424,0.73089,0.59716,0.61018,0.56142,0.50162,0.38706,0.41395,0.33662,0.23324,0.04631
48,0.107,0.301,0.4,0.45,0.612,0.682,0.763,0.813,0.85,0.819,0.844,0.819,0.794,0.788,0.769,0.7,0.613,0.494,0.488,0.4,0.224
48,-0.012,0.182,0.281,0.331,0.512,0.563,0.644,0.694,0.7,0.7,0.694,0.669,0.675,0.669,0.65,0.581,0.494,0.375,0.369,0.281,0.074
48,-0.075,-0.113,0.163,0.406,0.231,0.456,0.557,0.626,0.682,0.757,0.601,0.682,0.513,0.607,0.551,0.488,0.251,0.375,0.294,0.182,-0
48,-0.144,-0.188,-0,0.25,0.175,0.293,0.419,0.463,0.519,0.594,0.438,0.544,0.45,0.444,0.388,0.325,0.188,0.237,0.131,0.044,-0.163
49,0.12983,0.29719,0.36468,0.44507,0.43373,0.5535,0.61103,0.64573,0.67688,0.68982,0.70661,0.70468,0.7126,0.6674,0.64087,0.59401,0.54379,0.51916,0.41031,0.41545,0.26254
49,0,0.072527,0.30025,0.37641,0.3228,0.42576,0.5625,0.58466,0.53493,0.58814,0.53051,0.5185,0.58999,0.49432,0.5258,0.5074,0.46028,0.37148,0.36975,0.30803,0.21989
49,0.1,0.262,0.331,0.475,0.419,0.55,0.594,0.625,0.668,0.662,0.693,0.656,0.7,0.644,0.612,0.568,0.512,0.525,0.393,0.393,0.206
49,0.069,0.231,0.3,0.444,0.388,0.519,0.563,0.594,0.637,0.631,0.662,0.625,0.669,0.613,0.581,0.537,0.481,0.494,0.362,0.362,0.175
49,-0.006,-0,0.237,0.356,0.3,0.419,0.575,0.581,0.531,0.612,0.537,0.519,0.581,0.475,0.512,0.5,0.443,0.319,0.337,0.256,0.187
49,-0.031,-0.025,0.206,0.325,0.275,0.388,0.544,0.55,0.506,0.581,0.512,0.494,0.55,0.45,0.481,0.469,0.412,0.294,0.306,0.225,0.156
50,0.30044,0.44072,0.50121,0.66882,0.72396,0.92338,1.0005,0.95699,1.138,1.1729,1.1274,1.181,1.1999,0.95765,1.1407,1.0759,1.0262,0.95762,0.88179,0.52757,0.69076
50,0,0,0.012285,0.11177,0.22194,0.31552,0.47011,0.47053,0.93108,0.97145,0.99558,1.0031,0.85738,0.96792,0.92589,0.84566,0.77453,0.5065,0.57277,0.46708,0.29562
50,0.35,0.438,0.488,0.763,0.8,0.919,0.988,0.906,1.119,1.15,1.157,1.194,1.213,0.988,1.125,1.081,1.006,0.9,0.8,0.475,0.682
50,0.25,0.344,0.338,0.669,0.65,0.769,0.838,0.762,0.969,1,1.013,1.094,1.063,0.838,1.025,0.931,0.856,0.75,0.7,0.388,0.588
50,-0.006,-0.012,-0.012,-0.025,0.006,0.069,0.187,0.143,0.687,0.781,0.869,0.963,0.706,0.894,0.869,0.7,0.606,0.313,0.463,0.481,0.256
50,-0.081,-0.119,-0.125,-0.131,-0.1,-0.037,0.037,0.037,0.537,0.631,0.719,0.813,0.631,0.744,0.719,0.55,0.456,0.163,0.313,0.331,0.175
51,0.049592,0.19383,0.23072,0.30186,0.34616,0.40697,0.46866,0.51988,0.56974,0.62698,0.61267,0.64078,0.63635,0.63995,0.61965,0.59869,0.55484,0.50678,0.46521,0.38583,0.28308
51,0,0.057349,0.12183,0.3072,0.31246,0.4122,0.49492,0.54203,0.52981,0.48876,0.50414,0.55112,0.5174,0.61494,0.52573,0.54541,0.4307,0.41338,0.35928,0.30653,0.25471
51,0.05,0.213,0.225,0.3,0.344,0.381,0.456,0.5,0.562,0.6,0.606,0.65,0.619,0.631,0.587,0.606,0.487,0.449,0.406,0.275,0.169
51,0.019,0.194,0.188,0.263,0.313,0.35,0.425,0.469,0.531,0.581,0.575,0.631,0.594,0.6,0.556,0.575,0.45,0.412,0.375,0.225,0.138
51,0.006,-0,-0.006,0.282,0.288,0.375,0.469,0.538,0.519,0.482,0.482,0.525,0.519,0.563,0.5,0.5,0.381,0.344,0.231,0.181,0.05
51,-0.013,-0.019,-0.025,0.263,0.263,0.356,0.45,0.519,0.5,0.463,0.463,0.506,0.5,0.544,0.481,0.481,0.362,0.325,0.212,0.156,0.025
53,0,0.15015,0,0.10177,0.33776,0.98442,1.2251,1.4076,1.3746,1.6636,1.7841,1.7578,1.9835,1.817,1.9206,1.9967,1.9493,1.5944,1.7503,1.6285,1.5578
53,0,0,0,0,0.049123,0.26273,0.66784,0.94888,1.2152,0.97382,1.5481,1.654,1.4002,1.4552,1.7923,1.5406,1.7287,1.6511,1.5445,1.4108,1.0967
53,0.181,0.306,0.15,0.231,0.313,1,1.081,1.381,1.306,1.656,1.625,1.656,1.875,1.788,1.838,1.912,1.881,1.457,1.681,1.525,1.394
53,0.094,0.219,0.056,0.144,0.219,0.925,0.994,1.294,1.225,1.569,1.538,1.575,1.788,1.694,1.744,1.825,1.794,1.363,1.594,1.438,1.319
53,0.006,-0.007,0.075,0.099,0.112,0.181,0.499,0.843,1.025,0.9,1.418,1.55,1.181,1.306,1.65,1.393,1.625,1.512,1.362,1.081,0.663
53,-0.081,-0.094,-0.006,0.012,0.025,0.094,0.412,0.756,0.938,0.806,1.337,1.469,1.094,1.219,1.569,1.306,1.544,1.431,1.281,1,0.569
54,0.069023,0.24378,0.31934,0.40205,0.37373,0.44564,0.5766,0.62417,0.66188,0.65103,0.67738,0.71023,0.71061,0.68623,0.66271,0.62395,0.57558,0.57899,0.48872,0.45985,0.30482
54,0,0.026803,0.099407,0.25074,0.32508,0.39307,0.45354,0.48721,0.59286,0.53032,0.51566,0.60052,0.60149,0.58085,0.6154,0.53788,0.49572,0.43614,0.41554,0.3446,0.2676
54,0.038,0.213,0.312,0.425,0.363,0.45,0.594,0.644,0.675,0.65,0.669,0.706,0.713,0.669,0.65,0.6,0.569,0.594,0.469,0.4,0.237
54,0.013,0.188,0.287,0.4,0.338,0.425,0.569,0.619,0.65,0.625,0.644,0.681,0.688,0.644,0.625,0.575,0.544,0.569,0.444,0.375,0.212
54,-0.006,0.006,-0.006,0.169,0.312,0.394,0.456,0.475,0.613,0.544,0.525,0.606,0.606,0.569,0.6,0.531,0.481,0.4,0.35,0.281,0.131
54,-0.031,-0.025,-0.037,0.144,0.287,0.369,0.431,0.45,0.588,0.519,0.494,0.581,0.581,0.544,0.575,0.506,0.456,0.375,0.325,0.256,0.106
55,0.1587,0.3122,0.37979,0.40255,0.49971,0.51266,0.56754,0.61319,0.63715,0.65098,0.65752,0.6475,0.63025,0.62371,0.56311,0.52907,0.5029,0.47838,0.41885,0.3219,0.21717
55,0.02192,0.10276,0.16692,0.38123,0.41957,0.4965,0.50952,0.41966,0.51961,0.53989,0.55002,0.54983,0.51995,0.52371,0.44583,0.50171,0.39274,0.33738,0.21531,0.2412,0.16521
55,0.037,0.181,0.3,0.356,0.487,0.549,0.537,0.587,0.612,0.625,0.65,0.619,0.6,0.594,0.556,0.5,0.5,0.481,0.381,0.262,0.124
55,-0,0.15,0.269,0.319,0.456,0.512,0.506,0.556,0.581,0.594,0.619,0.588,0.569,0.563,0.525,0.463,0.469,0.444,0.344,0.225,0.087
55,-0.006,0.006,-0,0.194,0.325,0.437,0.462,0.387,0.518,0.525,0.525,0.531,0.506,0.537,0.412,0.481,0.356,0.312,0.181,0.187,0.094
55,-0.031,-0.019,-0.025,0.163,0.294,0.406,0.431,0.356,0.487,0.494,0.494,0.5,0.475,0.5,0.381,0.45,0.325,0.281,0.15,0.156,0.063
56,0.028533,0.053944,0.29297,0.28776,0.36284,0.44489,0.51474,0.61054,0.64031,0.69231,0.7298,0.74655,0.74712,0.74311,0.67917,0.70812,0.61394,0.61239,0.58545,0.52621,0.42224
56,0.0097601,0,0.048969,0.13699,0.37089,0.44536,0.41331,0.48173,0.53199,0.56133,0.65112,0.61989,0.53284,0.66858,0.66845,0.48646,0.47109,0.48952,0.47078,0.40253,0.32718
56,0.068,0.044,0.256,0.288,0.343,0.444,0.531,0.606,0.663,0.682,0.706,0.762,0.737,0.75,0.625,0.662,0.587,0.6,0.587,0.506,0.388
56,-0.063,-0.087,0.156,0.157,0.212,0.313,0.4,0.506,0.563,0.569,0.606,0.662,0.606,0.65,0.494,0.531,0.487,0.5,0.456,0.375,0.257
56,0.031,0.006,0.019,-0.038,0.25,0.413,0.369,0.463,0.525,0.556,0.675,0.637,0.531,0.675,0.675,0.381,0.444,0.456,0.419,0.35,0.231
56,-0.075,-0.1,-0.081,-0.144,0.15,0.313,0.263,0.356,0.412,0.45,0.569,0.531,0.431,0.569,0.569,0.281,0.338,0.35,0.313,0.244,0.125
57,0.3036,1.0152,1.2703,1.4953,1.7063,1.8565,1.9542,2.1466,2.2091,2.2519,2.2583,2.2492,2.2336,2.1189,2,1.8901,1.7054,1.735,1.444,1.1983,0.75286
57,0.090797,0.55986,0.68466,1.297,1.5223,1.6068,1.7824,1.6615,1.7367,1.8377,1.937,1.982,1.7046,1.7661,1.5391,1.6572,1.3007,1.2276,1.0821,0.94398,0.6651
57,-0.025,0.838,1.244,1.431,1.632,1.819,1.888,2.075,2.093,2.093,2.1,2.15,2.093,2.006,1.962,1.893,1.7,1.731,1.394,1.107,0.618
57,-0.125,0.744,1.15,1.337,1.538,1.725,1.788,1.988,2.006,2.006,2.013,2.063,2.006,1.919,1.875,1.806,1.613,1.631,1.294,1.013,0.531
57,-0.019,-0.001,0.068,0.937,1.343,1.475,1.687,1.562,1.693,1.806,1.906,1.937,1.681,1.781,1.481,1.612,1.306,1.2,0.993,0.793,0.537
57,-0.106,-0.088,-0.019,0.85,1.256,1.388,1.6,1.475,1.606,1.719,1.819,1.85,1.594,1.694,1.394,1.525,1.219,1.113,0.906,0.706,0.45
58,0.017634,0,0.049593,0.10606,0.20459,0.27495,0.34206,0.41841,0.41082,0.51278,0.55032,0.59768,0.63496,0.60778,0.61771,0.65057,0.6037,0.59469,0.55779,0.54868,0.5032
58,0,0,0,0,0.092721,0.15372,0.24658,0.27922,0.32302,0.34857,0.48563,0.42066,0.53897,0.46077,0.46327,0.54666,0.38157,0.5031,0.48632,0.44139,0.30128
58,0.031,0.013,0.056,0.088,0.137,0.219,0.3,0.4,0.425,0.513,0.531,0.587,0.644,0.612,0.594,0.638,0.557,0.506,0.407,0.382,0.369
58,-0.069,-0.106,-0.063,-0.031,0.018,0.1,0.181,0.281,0.306,0.394,0.412,0.487,0.525,0.506,0.475,0.519,0.438,0.406,0.307,0.263,0.25
58,-0,-0,-0.025,-0.062,0.013,0.044,0.131,0.157,0.244,0.307,0.487,0.369,0.494,0.444,0.4,0.587,0.338,0.437,0.394,0.056,-0.162
58,-0.094,-0.106,-0.119,-0.156,-0.081,-0.05,0.044,0.063,0.131,0.194,0.381,0.263,0.388,0.331,0.287,0.481,0.225,0.331,0.288,-0.05,-0.275
59,0.13551,0.1936,0.3077,0.3712,0.47543,0.4536,0.53127,0.61563,0.63969,0.66219,0.66132,0.67719,0.66207,0.6643,0.60018,0.54765,0.51647,0.51997,0.39379,0.39122,0.32671
59,0,0.066608,0.27868,0.29137,0.33408,0.37028,0.4852,0.41554,0.50824,0.48887,0.50242,0.49293,0.53001,0.4724,0.48513,0.47103,0.42179,0.34866,0.29627,0.28797,0.22
59,0.093,0.174,0.288,0.4,0.45,0.431,0.543,0.625,0.618,0.637,0.669,0.681,0.644,0.65,0.606,0.55,0.506,0.499,0.375,0.381,0.282
59,0.006,0.087,0.194,0.306,0.369,0.344,0.456,0.544,0.537,0.556,0.588,0.6,0.563,0.563,0.525,0.469,0.425,0.412,0.294,0.294,0.188
59,-0.006,0.006,0.212,0.225,0.294,0.319,0.456,0.419,0.494,0.494,0.506,0.481,0.538,0.463,0.481,0.45,0.388,0.306,0.244,0.244,0.156
59,-0.081,-0.069,0.131,0.156,0.219,0.244,0.381,0.344,0.419,0.419,0.431,0.406,0.463,0.388,0.406,0.375,0.313,0.231,0.169,0.163,0.087
60,0.10498,0.19371,0.29301,0.36942,0.51577,0.49427,0.58618,0.68032,0.68495,0.73395,0.73883,0.76961,0.72657,0.72834,0.67051,0.66115,0.61092,0.55069,0.4999,0.42665,0.36791
60,0,0.082467,0.32466,0.40703,0.41384,0.48311,0.43223,0.59406,0.63181,0.66211,0.67846,0.6826,0.55524,0.65414,0.5827,0.57868,0.52482,0.46139,0.40071,0.26423,0.23812
60,0.038,0.049,0.132,0.275,0.506,0.487,0.618,0.669,0.731,0.738,0.687,0.725,0.687,0.637,0.681,0.618,0.631,0.512,0.425,0.294,0.294
60,-0.056,-0.038,0.038,0.188,0.425,0.4,0.531,0.575,0.644,0.644,0.6,0.65,0.6,0.55,0.594,0.531,0.544,0.425,0.35,0.219,0.2
60,-0.006,-0.012,0.2,0.331,0.306,0.475,0.344,0.606,0.581,0.605,0.568,0.656,0.437,0.606,0.512,0.518,0.462,0.381,0.181,0.069,-0.057
60,-0.081,-0.087,0.113,0.244,0.219,0.388,0.269,0.519,0.494,0.518,0.481,0.569,0.362,0.519,0.425,0.431,0.375,0.294,0.094,-0.012,-0.144
61,0,0.18625,0.19463,0.33596,0.56505,0.69905,0.7409,0.8952,1.1063,1.1795,1.1871,1.1993,1.2756,1.2275,1.2605,1.1763,1.1821,1.0749,0.90512,0.93671,0.82113
61,0,0.038381,0.29094,0.26703,0.57934,0.54175,0.56316,0.93447,0.85643,0.93048,0.8828,0.92442,1.0011,0.96799,0.95293,1.0014,1.0167,0.94986,0.75742,0.74088,0.56773
61,0.069,0.232,0.256,0.387,0.569,0.688,0.75,0.875,1.093,1.181,1.169,1.194,1.231,1.181,1.269,1.187,1.131,1.037,0.894,0.875,0.756
61,-0.106,0.007,0.056,0.187,0.381,0.5,0.55,0.675,0.856,0.944,0.981,0.969,0.994,0.956,1.081,0.95,0.956,0.8,0.669,0.7,0.581
61,0.025,0.081,0.282,0.3,0.594,0.544,0.532,0.925,0.919,0.957,0.894,0.938,1.025,0.957,0.944,0.981,0.95,0.813,0.563,0.444,0.212
61,-0.194,-0.144,0.057,0.075,0.369,0.325,0.313,0.7,0.7,0.738,0.675,0.719,0.806,0.738,0.725,0.762,0.725,0.588,0.344,0.219,0.012
62,0.63203,0.90202,1.1131,1.3112,1.4563,1.6399,1.7805,1.8961,1.9849,2.0285,2.0595,2.0603,2.0478,1.9892,1.9022,1.769,1.6288,1.4658,1.4145,1.1076,0.86998
62,0,0.5174,0.79298,1.0041,0.55375,0.72444,0.8756,1.0045,1.1088,1.1869,1.2372,1.2589,1.212,1.2158,1.1516,1.0604,0.94367,0.82614,0.66475,0.48563,0.22298
62,0.632,0.913,1.15,1.238,1.438,1.6,1.775,1.85,1.963,1.95,1.938,1.982,1.957,1.857,1.663,1.713,1.525,1.469,1.306,0.963,0.713
62,0.588,0.869,1.106,1.194,1.394,1.556,1.731,1.806,1.919,1.906,1.894,1.938,1.913,1.813,1.619,1.669,1.481,1.425,1.269,0.919,0.669
62,-0,0.531,0.75,0.938,0.512,0.668,0.812,0.943,1.069,1.168,1.225,1.25,1.243,1.175,1.056,0.943,0.831,0.743,0.606,0.281,0.006
62,-0.037,0.487,0.706,0.894,0.481,0.637,0.781,0.912,1.038,1.137,1.194,1.219,1.212,1.144,1.025,0.912,0.8,0.712,0.575,0.25,-0.031
63,0.21062,0.3746,0.543,0.63118,0.96026,1.2715,1.4192,1.5314,1.6092,1.7112,1.7431,1.7809,1.7821,1.7221,1.7311,1.6151,1.5121,1.4797,1.3279,1.0814,0.90544
63,0,0,0.42076,0.46435,0.84732,0.70142,1.2719,1.2005,1.313,1.4732,1.4359,1.2768,1.2993,1.6505,1.5381,1.3485,1.3717,1.2264,1.0763,0.90718,0.73741
63,0.262,0.418,0.574,0.468,0.756,1.025,1.243,1.481,1.544,1.6,1.738,1.749,1.731,1.763,1.712,1.606,1.4,1.337,1.112,0.9,0.712
63,0.225,0.381,0.537,0.431,0.719,0.988,1.206,1.444,1.5,1.563,1.694,1.712,1.694,1.719,1.675,1.569,1.363,1.3,1.075,0.863,0.675
63,-0,-0,0.338,0.432,0.725,0.456,1.082,1.107,1.357,1.307,1.319,1.131,1.144,1.519,1.45,1.238,1.244,1.125,0.925,0.694,0.338
63,-0.044,-0.044,0.294,0.388,0.681,0.412,1.038,1.063,1.313,1.263,1.275,1.087,1.1,1.475,1.406,1.194,1.2,1.081,0.881,0.65,0.294
64,0.65027,0.73483,0.946,0.89094,1.0336,1.1914,1.2231,1.2862,1.3033,1.2998,1.2757,1.2638,1.1678,1.1283,0.98683,0.92823,0.87037,0.77056,0.64136,0.29673,0.32637
64,0.24739,0.69189,0.82003,0.93452,1.0333,0.90469,1.1145,1.0735,1.1004,1.0651,1.0758,1.0448,0.93612,0.77219,0.80371,0.66673,0.48295,0.55802,0.41027,0.10137,0.097547
64,0.638,0.718,1,0.919,1.012,1.187,1.225,1.262,1.275,1.268,1.212,1.225,1.125,1.131,0.956,0.925,0.826,0.737,0.6,0.268,0.307
64,0.625,0.662,0.944,0.863,0.956,1.131,1.169,1.206,1.219,1.212,1.156,1.169,1.069,1.075,0.9,0.869,0.813,0.687,0.544,0.212,0.294
64,-0.125,0.5,0.593,0.843,1,0.8,1.069,1.044,1.081,1.019,0.994,0.975,0.843,0.719,0.731,0.681,0.419,0.444,0.3,0.07,0.143
64,-0.188,0.444,0.537,0.787,0.944,0.744,1.013,0.988,1.025,0.963,0.938,0.919,0.787,0.656,0.675,0.625,0.356,0.388,0.244,0.007,0.087
65,0.19979,0.54933,0.71767,0.86986,0.98713,1.1158,1.121,1.2997,1.3623,1.3615,1.409,1.4149,1.3806,1.3254,1.2512,1.1576,1.0744,1.0277,0.7712,0.68571,0.45561
65,0.075089,0.25541,0.63621,0.79226,0.93497,1.0619,1.1708,1.0499,1.1932,1.2375,1.2264,1.165,1.1935,1.1854,1.0519,0.9912,0.94192,0.85019,0.74935,0.60821,0.44132
65,0.087,0.512,0.687,0.894,0.962,1.112,1.1,1.3,1.381,1.337,1.331,1.387,1.387,1.287,1.187,1.162,1.037,1.012,0.743,0.587,0.381
65,-0,0.431,0.606,0.813,0.881,1.031,1.013,1.219,1.3,1.25,1.25,1.3,1.306,1.206,1.106,1.081,0.956,0.925,0.662,0.5,0.3
65,-0,-0.007,0.443,0.762,0.931,1.075,1.187,1.062,1.2,1.218,1.224,1.131,1.2,1.162,1.037,0.981,0.868,0.781,0.662,0.512,0.381
65,-0.087,-0.094,0.362,0.681,0.85,0.994,1.106,0.975,1.113,1.131,1.137,1.044,1.113,1.081,0.95,0.894,0.781,0.694,0.575,0.425,0.294
66,0.086286,0.32802,0.46775,0.61011,0.89681,0.94093,1.0883,1.2837,1.382,1.3327,1.5118,1.5263,1.5163,1.5911,1.5696,1.5246,1.3,1.2986,1.2533,1.1268,0.97826
66,0.0080039,0,0.21787,0.31242,0.47452,0.72187,1.068,1.1916,0.92639,1.3769,1.0265,1.1122,1.1157,1.4437,1.3406,1.1177,1.256,1.1486,0.83936,0.84923,0.69211
66,0.156,0.344,0.437,0.519,0.794,0.9,1.05,1.244,1.332,1.356,1.507,1.463,1.432,1.531,1.582,1.481,1.319,1.256,1.238,1.125,0.931
66,0.131,0.325,0.412,0.494,0.775,0.875,1.025,1.225,1.313,1.331,1.488,1.444,1.413,1.506,1.563,1.456,1.3,1.231,1.219,1.106,0.9
66,0.063,-0,0.194,0.263,0.407,0.562,0.931,1.106,0.888,1.307,0.913,1.038,1.044,1.382,1.275,1.038,1.2,1.113,0.757,0.751,0.519
66,0.044,-0.019,0.169,0.244,0.388,0.537,0.912,1.087,0.869,1.288,0.894,1.019,1.025,1.363,1.256,1.019,1.181,1.094,0.738,0.732,0.5
67,0.10194,0.5967,0.77491,0.94404,0.97169,1.2292,1.3659,1.4653,1.5217,1.5696,1.6387,1.6161,1.6007,1.6072,1.4446,1.465,1.3616,1.1421,1.0437,0.8168,0.73286
67,0,0.045449,0.3752,0.49303,0.68306,1.0043,1.0294,1.1241,1.1713,1.127,1.2587,1.2055,1.3004,1.1215,1.0944,1.1924,1.0915,1.0622,0.91827,0.61088,0.59564
67,0.107,0.594,0.75,0.907,0.968,1.169,1.369,1.457,1.519,1.581,1.613,1.637,1.606,1.45,1.356,1.425,1.307,1.081,0.938,0.712,0.619
67,0.038,0.55,0.706,0.863,0.912,1.125,1.325,1.413,1.469,1.531,1.569,1.587,1.556,1.406,1.3,1.381,1.263,1.025,0.869,0.656,0.575
67,-0.019,-0.019,0.256,0.35,0.507,0.906,0.944,1.081,1.15,1.1,1.206,1.119,1.275,1.15,0.975,1.094,0.994,0.862,0.794,0.369,0.394
67,-0.056,-0.056,0.206,0.294,0.457,0.85,0.894,1.031,1.094,1.056,1.156,1.075,1.219,1.106,0.931,1.044,0.944,0.806,0.738,0.319,0.338
68,0,0.10039,0.095464,0.13197,0.32955,0.36112,0.45295,0.44496,0.55302,0.58606,0.62188,0.62279,0.63551,0.66342,0.66089,0.62422,0.62203,0.53493,0.55099,0.52817,0.45055
68,0,0,0,0.013382,0.087962,0.2103,0.21427,0.39825,0.37477,0.38718,0.48677,0.5788,0.52112,0.48019,0.47718,0.41917,0.52716,0.50388,0.46214,0.41235,0.35541
68,0.031,0.093,0.075,0.087,0.287,0.319,0.419,0.431,0.518,0.587,0.619,0.581,0.6,0.662,0.637,0.6,0.625,0.525,0.568,0.537,0.456
68,-0,0.056,0.044,0.056,0.256,0.275,0.388,0.4,0.487,0.556,0.588,0.55,0.569,0.631,0.606,0.569,0.594,0.494,0.537,0.506,0.425
68,0.012,0.006,-0.006,-0.006,0.05,0.156,0.144,0.35,0.312,0.344,0.462,0.606,0.481,0.443,0.456,0.412,0.494,0.475,0.419,0.362,0.306
68,-0.019,-0.025,-0.037,-0.037,0.019,0.125,0.113,0.319,0.281,0.313,0.431,0.575,0.45,0.412,0.425,0.381,0.463,0.444,0.388,0.331,0.275
69,0,0.0033366,0.0044045,0,0.088532,0.11169,0.22706,0.25631,0.29639,0.3218,0.31477,0.36677,0.38197,0.38848,0.38118,0.36947,0.39269,0.37585,0.37205,0.3185,0.32676
69,0,0,0,0.011001,0,0,0.059556,0.088619,0.11125,0.16986,0.15877,0.19051,0.32195,0.28662,0.33792,0.31309,0.31609,0.30509,0.27574,0.27412,0.2412
69,0.049,0.043,0.044,0.031,0.082,0.113,0.219,0.243,0.3,0.325,0.324,0.369,0.387,0.399,0.375,0.356,0.399,0.4,0.368,0.307,0.281
69,0.018,0.012,-0,-0.013,0.038,0.069,0.188,0.212,0.269,0.294,0.287,0.338,0.356,0.362,0.331,0.325,0.362,0.356,0.331,0.263,0.244
69,-0.006,-0,0.025,0.037,0.024,0.025,0.062,0.075,0.087,0.131,0.1,0.112,0.325,0.193,0.262,0.25,0.262,0.268,0.256,0.25,0.181
69,-0.031,-0.025,-0,0.006,-0.007,-0.006,0.031,0.044,0.056,0.094,0.069,0.081,0.294,0.156,0.231,0.219,0.231,0.237,0.219,0.219,0.15
70,0.30662,0.39002,0.37425,0.48755,0.50361,0.61596,0.64003,0.64483,0.70677,0.73053,0.72018,0.68618,0.68065,0.64415,0.62345,0.55198,0.44349,0.37252,0.38737,0.3203,0.17096
70,0.060221,0.32216,0.3959,0.38853,0.43476,0.57326,0.54607,0.55439,0.51262,0.53827,0.57469,0.56341,0.54127,0.5225,0.44533,0.34177,0.35905,0.25284,0.27215,0.13856,0.0048516
70,0.244,0.344,0.3,0.45,0.456,0.588,0.656,0.613,0.656,0.656,0.65,0.638,0.625,0.625,0.569,0.506,0.387,0.312,0.312,0.243,0.1
70,0.219,0.319,0.275,0.419,0.431,0.563,0.625,0.588,0.631,0.625,0.625,0.613,0.6,0.6,0.544,0.481,0.362,0.287,0.287,0.212,0.075
70,-0,0.275,0.338,0.338,0.381,0.5,0.512,0.512,0.5,0.512,0.556,0.512,0.525,0.537,0.431,0.319,0.312,0.219,0.275,0.088,0.006
70,-0.025,0.25,0.313,0.313,0.356,0.475,0.487,0.487,0.475,0.487,0.531,0.487,0.5,0.512,0.406,0.294,0.287,0.194,0.25,0.063,-0.019
71,0.086071,0.2545,0.33967,0.4097,0.4738,0.43498,0.51706,0.61293,0.64469,0.66611,0.67683,0.67665,0.66559,0.64159,0.6276,0.56992,0.51902,0.52615,0.44675,0.37933,0.32529
71,0,0.091117,0.14178,0.35256,0.4213,0.38936,0.53646,0.48478,0.5333,0.52894,0.57883,0.58568,0.57221,0.54015,0.52466,0.44183,0.43927,0.44034,0.37161,0.30649,0.17327
71,0.013,0.2,0.306,0.425,0.468,0.431,0.519,0.618,0.643,0.662,0.656,0.656,0.631,0.606,0.637,0.531,0.475,0.488,0.412,0.337,0.244
71,-0.031,0.163,0.269,0.388,0.431,0.375,0.463,0.581,0.606,0.625,0.619,0.619,0.594,0.569,0.6,0.494,0.438,0.444,0.356,0.281,0.2
71,-0.006,-0.006,-0.012,0.306,0.375,0.369,0.543,0.494,0.531,0.544,0.588,0.581,0.575,0.525,0.507,0.406,0.394,0.387,0.293,0.206,0.069
71,-0.05,-0.05,-0.056,0.269,0.338,0.325,0.506,0.45,0.487,0.5,0.544,0.537,0.531,0.481,0.463,0.362,0.35,0.35,0.256,0.169,0.025
72,0.086847,0.15162,0.2012,0.27902,0.31997,0.32264,0.38815,0.41086,0.42022,0.44416,0.44855,0.44162,0.43505,0.41704,0.41686,0.36399,0.33968,0.2871,0.24008,0.24252,0.18186
72,0.027039,0.084928,0.20208,0.21172,0.24151,0.31813,0.33429,0.363,0.4094,0.37504,0.39775,0.37777,0.37538,0.34518,0.32677,0.35824,0.27581,0.28284,0.19228,0.1879,0.13543
72,0.063,0.125,0.162,0.232,0.275,0.3,0.369,0.388,0.4,0.45,0.457,0.406,0.419,0.419,0.394,0.338,0.332,0.263,0.225,0.225,0.181
72,-0.012,0.05,0.087,0.163,0.206,0.225,0.3,0.325,0.331,0.381,0.388,0.331,0.35,0.35,0.319,0.269,0.263,0.194,0.156,0.15,0.106
72,-0,-0,0.138,0.169,0.207,0.282,0.331,0.375,0.425,0.407,0.413,0.363,0.375,0.332,0.282,0.332,0.238,0.251,0.151,0.157,0.081
72,-0.063,-0.063,0.075,0.1,0.138,0.219,0.256,0.3,0.362,0.338,0.344,0.3,0.306,0.269,0.219,0.269,0.175,0.188,0.088,0.094,0.018
73,0,0.29796,0.45814,0.50512,0.71651,0.66736,0.95789,1.127,1.1811,1.2293,1.2837,1.2856,1.3098,1.2325,1.291,1.1584,1.0726,1.1505,1.0014,0.74617,0.64043
73,0,0.0048291,0.1244,0.34576,0.43729,0.56593,0.73929,0.8458,0.85172,0.89861,0.94903,0.92938,1.0691,0.98471,0.82267,0.96311,0.74328,0.87237,0.8511,0.73294,0.42007
73,-0.013,0.256,0.412,0.45,0.738,0.631,1,1.119,1.175,1.238,1.282,1.256,1.269,1.244,1.281,1.169,1.056,1.144,0.962,0.694,0.55
73,-0.063,0.212,0.362,0.4,0.694,0.581,0.956,1.069,1.125,1.194,1.238,1.206,1.219,1.194,1.231,1.119,1.006,1.1,0.912,0.644,0.5
73,-0.006,0.007,-0,0.257,0.394,0.575,0.637,0.782,0.869,0.875,0.894,0.869,1.081,0.988,0.806,0.982,0.694,0.813,0.825,0.644,0.2
73,-0.05,-0.037,-0.044,0.213,0.35,0.531,0.593,0.738,0.825,0.831,0.85,0.819,1.031,0.944,0.762,0.938,0.644,0.769,0.775,0.594,0.15
74,0.013152,0.10692,0.4056,0.53921,0.66688,0.78642,0.89576,0.99306,1.0614,1.1327,1.1751,1.2287,1.192,1.2314,1.2127,1.145,1.1382,1.081,0.93764,0.9047,0.79457
74,0,0,0.072526,0.10833,0.3997,0.53198,0.65429,0.76452,0.86077,0.9243,0.98683,1.0505,1.0771,1.0844,1.0722,1.0408,1.0047,0.93246,0.84386,0.74041,0.69786
74,0.113,0.138,0.313,0.5,0.607,0.794,0.432,0.538,0.462,0.525,0.6,0.569,0.543,1.206,1.299,1.181,1.193,1.088,0.956,0.876,0.775
74,-0.018,-0,0.219,0.406,0.513,0.7,0.338,0.444,0.337,0.4,0.513,0.475,0.456,1.119,1.212,1.094,1.106,0.994,0.869,0.738,0.681
74,0.024,0.012,0.05,-0.012,0.406,0.519,0.719,0.756,0.8,0.775,0.8,0.875,1.031,1.1,1.05,1.025,0.987,0.943,0.8,0.668,0.476
74,-0.063,-0.075,-0.069,-0.106,0.281,0.394,0.594,0.631,0.675,0.65,0.675,0.75,0.906,0.975,0.925,0.9,0.9,0.856,0.713,0.581,0.338
75,0.049513,0.15739,0.16596,0.25512,0.3023,0.32388,0.3646,0.39806,0.42818,0.453,0.4676,0.4719,0.47464,0.45267,0.4324,0.42834,0.39917,0.35744,0.29391,0.28156,0.2299
75,0.067807,0.13524,0.1936,0.24875,0.29969,0.34556,0.36405,0.41902,0.43704,0.4087,0.46847,0.47769,0.47231,0.4589,0.43291,0.40559,0.37124,0.33045,0.28392,0.23248,0.17704
75,0.031,0.144,0.156,0.263,0.313,0.331,0.344,0.356,0.425,0.506,0.45,0.419,0.406,0.388,0.369,0.362,0.337,0.312,0.244,0.219,0.188
75,-0.2,0.075,-0.075,0.194,0.244,0.1,0.113,0.15,0.194,0.275,0.381,0.188,0.356,0.319,0.3,0.131,0.106,0.081,0.175,-0.012,-0.043
75,0.006,0.081,0.093,0.194,0.262,0.313,0.319,0.356,0.363,0.493,0.35,0.331,0.288,0.325,0.375,0.306,0.287,0.231,0.2,0.15,0.038
75,-0.044,0.031,0.043,0.144,0.212,0.263,0.263,0.306,0.313,0.287,0.3,0.281,0.238,0.275,0.319,0.25,0.231,0.175,0.144,0.094,-0.018
76,0.14004,0.29354,0.28103,0.41421,0.46857,0.53238,0.54848,0.57096,0.6028,0.6372,0.67354,0.66264,0.64761,0.65691,0.62618,0.55927,0.51702,0.51282,0.4547,0.39078,0.24216
76,0,0.053993,0.11765,0.18391,0.42433,0.48254,0.53264,0.57377,0.60523,0.62648,0.63716,0.5477,0.53947,0.5336,0.5315,0.45416,0.46842,0.41105,0.3194,0.26044,0.1735
76,0.082,0.244,0.25,0.406,0.463,0.544,0.575,0.594,0.606,0.644,0.669,0.65,0.65,0.65,0.625,0.55,0.513,0.487,0.418,0.343,0.182
76,0.013,0.169,0.175,0.331,0.388,0.469,0.506,0.519,0.531,0.569,0.594,0.575,0.575,0.575,0.55,0.475,0.438,0.431,0.362,0.287,0.107
76,-0.006,-0.006,-0,0.013,0.213,0.287,0.425,0.513,0.575,0.619,0.625,0.525,0.487,0.575,0.475,0.444,0.444,0.413,0.226,0.162,0.094
76,-0.075,-0.075,-0.069,-0.056,0.138,0.212,0.35,0.438,0.5,0.544,0.55,0.45,0.412,0.5,0.4,0.369,0.369,0.338,0.157,0.087,0.019
77,0.41504,0.58792,0.67642,0.71255,0.78402,0.71361,0.76851,0.93094,0.9479,0.88031,0.93745,0.90616,0.8435,0.8334,0.77637,0.70679,0.68565,0.51729,0.49279,0.40824,0.17924
77,0.11225,0.46767,0.56238,0.64777,0.72235,0.7848,0.72123,0.66484,0.74885,0.76054,0.75753,0.73988,0.70787,0.56085,0.48893,0.41367,0.34377,0.29236,0.31938,0.071331,0.0090821
77,0.388,0.594,0.657,0.699,0.768,0.687,0.763,0.943,0.949,0.843,0.924,0.894,0.875,0.812,0.75,0.669,0.662,0.482,0.444,0.394,0.163
77,0.338,0.55,0.613,0.662,0.731,0.637,0.713,0.906,0.912,0.787,0.887,0.838,0.838,0.756,0.694,0.613,0.606,0.438,0.388,0.35,0.119
77,-0.007,0.406,0.524,0.631,0.737,0.762,0.693,0.662,0.75,0.768,0.756,0.743,0.699,0.537,0.487,0.393,0.293,0.237,0.274,0.044,0.018
77,-0.044,0.369,0.487,0.594,0.7,0.725,0.656,0.625,0.713,0.731,0.719,0.706,0.662,0.5,0.45,0.356,0.256,0.2,0.237,0.007,-0.019
78,0.23133,0.34483,0.4398,0.52815,0.61405,0.67326,0.73372,0.78256,0.83154,0.84924,0.85747,0.85189,0.83085,0.80017,0.75448,0.71784,0.64388,0.55379,0.48602,0.36908,0.26396
78,0.25557,0.35908,0.45066,0.54293,0.6264,0.69958,0.75967,0.80452,0.83903,0.85992,0.87215,0.86816,0.84827,0.80743,0.75871,0.69762,0.62517,0.5428,0.45381,0.35483,0.2478
78,0.162,0.231,0.35,0.419,0.513,0.625,0.719,0.781,0.806,0.844,0.85,0.819,0.8,0.788,0.663,0.569,0.506,0.425,0.419,0.306,0.2
78,0.087,0.156,0.275,0.344,0.438,0.55,0.644,0.706,0.731,0.769,0.775,0.744,0.725,0.713,0.588,0.494,0.431,0.35,0.344,0.231,0.125
78,0.112,0.2,0.281,0.419,0.475,0.587,0.669,0.794,0.806,0.862,0.875,0.818,0.762,0.681,0.519,0.444,0.475,0.444,0.4,0.356,0.25
78,0.037,0.125,0.2,0.338,0.394,0.512,0.594,0.719,0.731,0.787,0.8,0.737,0.681,0.606,0.444,0.369,0.4,0.369,0.325,0.281,0.169
79,0,0.19853,0.32202,0.75466,0.89308,0.72468,1.0576,1.0129,1.2117,1.2123,1.2985,1.3122,1.2773,1.2789,1.3102,1.1547,1.1067,1.119,0.95486,0.71777,0.59106
79,0,0,0.060742,0.35324,0.41329,0.57057,0.67404,0.79956,0.85496,0.91992,0.94887,0.84952,0.84376,0.8882,0.8881,0.76644,0.70742,0.76668,0.75495,0.63116,0.51074
79,0.025,0.113,0.331,0.638,0.738,0.606,0.956,0.906,1.094,1.094,1.213,1.213,1.263,1.188,1.294,1.131,1.094,1.144,0.925,0.694,0.569
79,-0,0.088,0.306,0.619,0.719,0.581,0.906,0.881,1.069,1.069,1.188,1.188,1.238,1.163,1.275,1.106,1.069,1.119,0.906,0.669,0.544
79,0.006,-0,-0,0.256,0.344,0.481,0.55,0.8,0.775,0.863,0.888,0.819,0.825,0.863,0.875,0.775,0.7,0.769,0.706,0.6,0.475
79,-0.019,-0.025,-0.025,0.231,0.319,0.456,0.525,0.775,0.75,0.838,0.863,0.794,0.8,0.838,0.85,0.75,0.675,0.744,0.681,0.575,0.45
80,0.023153,0,0.072685,0.3102,0.38054,0.43521,0.51312,0.52341,0.59776,0.63894,0.65383,0.69091,0.69409,0.72756,0.69756,0.70103,0.6315,0.63574,0.57572,0.49229,0.40709
80,0,0.0052913,0,0.054523,0.2994,0.35946,0.30757,0.38821,0.45254,0.47372,0.51103,0.65619,0.55511,0.49781,0.5321,0.50616,0.51443,0.47819,0.48931,0.43842,0.37864
80,0.063,0.031,0.081,0.369,0.4,0.45,0.532,0.537,0.607,0.644,0.676,0.682,0.682,0.713,0.707,0.669,0.594,0.638,0.532,0.457,0.387
80,-0,-0.025,0.025,0.3,0.331,0.381,0.463,0.481,0.544,0.581,0.613,0.619,0.619,0.644,0.644,0.6,0.531,0.569,0.469,0.394,0.331
80,0.012,0.019,0.019,0.038,0.275,0.343,0.307,0.401,0.475,0.507,0.532,0.656,0.55,0.494,0.526,0.494,0.494,0.425,0.425,0.362,0.213
80,-0.044,-0.037,-0.044,-0.025,0.219,0.287,0.244,0.338,0.412,0.444,0.469,0.6,0.487,0.431,0.463,0.431,0.431,0.362,0.369,0.306,0.157
81,0.22584,0.46877,0.44207,0.71711,0.70797,0.88193,0.89369,1.1278,1.1843,1.1457,1.233,1.197,1.2458,1.2038,1.1128,1.03,0.9331,0.95682,0.86847,0.6461,0.41973
81,0,0.074189,0.50074,0.63311,0.75496,0.86417,0.95887,1.0374,1.0985,1.0517,1.1069,1.114,0.91346,0.82505,0.89309,0.81227,0.78572,0.62786,0.64714,0.4555,0.39443
81,0.132,0.376,0.363,0.657,0.682,0.869,0.869,1.138,1.182,1.094,1.238,1.163,1.194,1.175,1.063,1.032,0.894,0.913,0.775,0.626,0.306
81,0.063,0.313,0.294,0.594,0.613,0.8,0.8,1.075,1.113,1.025,1.169,1.094,1.131,1.119,1,0.969,0.825,0.844,0.706,0.563,0.237
81,-0,-0,0.356,0.513,0.657,0.706,0.913,0.981,1.044,0.975,1.113,1.094,0.907,0.813,0.876,0.819,0.763,0.606,0.563,0.401,0.294
81,-0.063,-0.069,0.287,0.444,0.588,0.637,0.844,0.912,0.975,0.931,1.044,1.025,0.844,0.75,0.813,0.75,0.694,0.537,0.494,0.338,0.225
82,0.47938,0.73337,1.1422,1.1918,1.3428,1.6315,1.7552,1.9159,1.9224,2.179,2.241,2.2702,2.2655,1.9672,2.0803,1.9755,1.626,1.7698,1.5853,1.3784,0.78395
82,0,0.13525,0.35722,1.1274,0.96176,1.1563,1.1648,1.3118,1.4669,1.5194,1.5765,1.6009,1.5923,1.8076,1.4769,1.3721,1.2383,1.1206,0.89331,0.68893,0.47162
82,0.444,0.625,1.219,1.237,1.35,1.725,1.787,1.881,1.887,2.062,2.137,2.156,2.137,1.956,1.956,1.856,1.444,1.787,1.4,0.968,0.268
82,0.163,0.344,0.938,0.956,1.069,1.444,1.506,1.6,1.606,1.781,1.856,1.875,1.856,1.675,1.675,1.575,1.163,1.506,1.119,0.687,-0.013
82,-0.006,-0.006,0.006,1,0.906,1.175,1.069,1.25,1.437,1.45,1.475,1.519,1.431,1.831,1.331,1.207,1.032,0.925,0.606,0.156,0.056
82,-0.1,-0.1,-0.081,0.719,0.7,0.969,0.975,1.156,1.306,1.356,1.381,1.425,1.344,1.625,1.244,1.113,0.938,0.794,0.519,0.069,-0.05
83,0.36104,0.48149,0.57784,0.6911,0.7748,0.85196,0.92391,0.93005,0.99669,1.0331,1.0481,1.0307,1.004,0.97122,0.90999,0.8341,0.74486,0.74548,0.53262,0.46875,0.35172
83,0.10393,0.21514,0.4348,0.52828,0.70055,0.66708,0.83666,0.95339,0.84265,0.9045,0.93533,0.83433,0.90365,0.8454,0.74686,0.74422,0.68511,0.59226,0.46507,0.40102,0.27318
83,0.275,0.356,0.481,0.619,0.731,0.807,0.875,0.875,0.9,0.956,0.95,0.994,0.963,0.938,0.913,0.831,0.744,0.756,0.532,0.469,0.325
83,0.206,0.287,0.412,0.55,0.662,0.738,0.806,0.8,0.819,0.875,0.881,0.925,0.894,0.869,0.844,0.762,0.675,0.675,0.463,0.4,0.256
83,-0.006,-0.012,0.113,0.318,0.538,0.581,0.775,0.907,0.788,0.919,0.869,0.775,0.869,0.831,0.7,0.719,0.657,0.556,0.4,0.338,0.176
83,-0.056,-0.081,0.044,0.237,0.469,0.512,0.706,0.838,0.719,0.85,0.8,0.725,0.8,0.762,0.631,0.65,0.588,0.487,0.331,0.269,0.107
84,0,0.15512,0.68914,0.72138,0.98725,1.6169,1.8198,1.9938,2.1407,2.254,2.3319,2.4201,2.4267,2.4045,2.1084,2.0234,2.0904,2.0682,1.8998,1.7037,1.4834
84,0,0,0.11969,0.515,0.76268,1.0206,1.1664,1.3955,1.8245,1.7776,1.7963,1.9426,1.9703,1.6916,1.6354,1.625,1.7131,1.5623,1.5119,1.2923,0.70248
84,-0,0.006,0.381,0.269,0.413,1.269,1.607,1.919,2.156,2.281,2.35,2.438,2.494,2.382,2.1,1.882,2.012,1.875,1.65,1.344,1.006
84,-0.069,-0.063,0.3,0.2,0.344,1.2,1.538,1.85,2.087,2.212,2.281,2.369,2.425,2.313,2.031,1.813,1.931,1.794,1.569,1.263,0.925
84,-0.013,0.013,-0.024,0.144,0.319,0.532,0.85,1.319,1.832,1.769,1.801,1.969,2.025,1.65,1.582,1.613,1.682,1.444,1.2,0.856,-0.007
84,-0.069,-0.05,-0.087,0.075,0.25,0.463,0.787,1.256,1.763,1.706,1.738,1.906,1.962,1.587,1.519,1.544,1.619,1.381,1.131,0.787,-0.063
85,0.0049746,0.07571,0.41341,0.59487,0.78182,0.79217,1.0213,1.116,1.232,1.2578,1.2353,1.3015,1.3307,1.4215,1.3664,1.3117,1.2862,1.195,1.1136,0.94505,0.92213
85,0,0,0.026813,0.28789,0.32864,0.63073,0.77671,0.88816,0.99263,1.1324,1.2964,1.3361,1.3364,1.2357,1.0934,1.1134,0.92929,0.99271,0.88907,0.83544,0.65214
85,0.112,0.15,0.431,0.638,0.844,0.843,1.088,1.206,1.294,1.25,1.219,1.263,1.275,1.438,1.344,1.269,1.25,1.132,1.025,0.875,0.837
85,0.025,0.056,0.356,0.563,0.769,0.756,0.988,1.1,1.219,1.163,1.119,1.163,1.175,1.344,1.269,1.194,1.156,1.038,0.931,0.8,0.75
85,0.019,0.019,0.019,0.281,0.331,0.631,0.813,0.956,1.031,1.113,1.275,1.325,1.207,1.107,0.994,1.119,0.963,0.956,0.794,0.694,0.388
85,-0.075,-0.075,-0.075,0.181,0.244,0.531,0.719,0.856,0.931,1.013,1.181,1.231,1.113,1.013,0.9,1.025,0.869,0.856,0.7,0.6,0.294
86,0.55454,0.58472,0.75101,0.90914,1.0681,1.0796,1.2159,1.2998,1.3392,1.3434,1.318,1.3583,1.3315,1.2896,1.1013,1.1455,0.97461,0.93394,0.72193,0.66848,0.43318
86,0.089495,0.25219,0.56982,0.82855,0.9479,1.0513,1.137,1.2035,0.99847,0.9483,1.0323,1.1256,0.98342,1.0096,1.0424,0.94788,0.62319,0.50981,0.59829,0.44706,0.27305
86,0.388,0.481,0.607,0.781,0.982,0.95,1.157,1.313,1.288,1.281,1.244,1.294,1.331,1.25,1.075,1.156,0.969,0.987,0.725,0.718,0.363
86,0.244,0.325,0.463,0.637,0.838,0.719,1.013,1.169,1.144,1.05,1.1,1.063,1.1,1.094,0.931,0.925,0.825,0.756,0.581,0.487,0.219
86,-0.012,-0.019,0.331,0.625,0.757,1,1.1,1.363,0.987,0.95,1.018,1.175,0.975,0.975,1.032,0.875,0.562,0.412,0.557,0.3,0.162
86,-0.212,-0.219,0.106,0.456,0.588,0.831,0.931,1.194,0.775,0.75,0.806,0.963,0.781,0.781,0.863,0.706,0.362,0.212,0.388,0.131,-0.007
87,0.24095,0.3341,0.41012,0.48149,0.53362,0.58446,0.64902,0.6356,0.6856,0.71415,0.71141,0.70357,0.70939,0.66223,0.62225,0.58006,0.54073,0.4971,0.37465,0.36105,0.31158
87,0.041064,0.1268,0.34555,0.42187,0.49112,0.55209,0.52169,0.48231,0.55518,0.60101,0.59268,0.62473,0.61366,0.51592,0.59722,0.4972,0.3912,0.43831,0.35324,0.2407,0.15585
87,0.125,0.256,0.344,0.437,0.475,0.612,0.644,0.613,0.656,0.65,0.65,0.663,0.656,0.625,0.6,0.537,0.518,0.462,0.356,0.319,0.281
87,0.094,0.225,0.313,0.406,0.444,0.581,0.613,0.563,0.606,0.619,0.6,0.619,0.625,0.594,0.569,0.506,0.487,0.431,0.325,0.269,0.231
87,-0,-0,0.194,0.307,0.413,0.488,0.482,0.406,0.5,0.556,0.538,0.588,0.563,0.519,0.581,0.5,0.381,0.425,0.307,0.182,0.075
87,-0.037,-0.037,0.15,0.263,0.369,0.444,0.438,0.369,0.444,0.512,0.494,0.544,0.519,0.475,0.537,0.456,0.331,0.381,0.263,0.138,0.031
88,0.05123,0.12114,0.20894,0.29403,0.37492,0.46725,0.52265,0.57807,0.63092,0.67166,0.70144,0.72,0.72966,0.70831,0.69926,0.64559,0.6287,0.5971,0.48435,0.4747,0.40209
88,0,0.047315,0.16465,0.26976,0.34021,0.39472,0.45335,0.54099,0.55329,0.61282,0.63448,0.62471,0.58707,0.57959,0.56108,0.61841,0.54798,0.44354,0.45872,0.38772,0.30985
88,0.062,0.106,0.181,0.262,0.412,0.419,0.475,0.562,0.581,0.625,0.631,0.619,0.637,0.637,0.625,0.607,0.581,0.593,0.493,0.481,0.387
88,0.037,0.05,0.125,0.206,0.356,0.388,0.419,0.506,0.525,0.569,0.575,0.563,0.581,0.606,0.594,0.563,0.55,0.537,0.456,0.425,0.331
88,-0.012,0.062,0.057,0.15,0.2,0.337,0.407,0.487,0.507,0.556,0.587,0.594,0.618,0.612,0.581,0.538,0.513,0.45,0.369,0.275,0.194
88,-0.056,-0.063,-0.012,0.087,0.156,0.256,0.338,0.406,0.438,0.487,0.506,0.519,0.487,0.481,0.45,0.494,0.432,0.319,0.325,0.231,0.144
89,0.021807,0.10641,0.22629,0.24138,0.38081,0.44646,0.49991,0.54567,0.58997,0.62091,0.64487,0.66188,0.66665,0.66591,0.6226,0.60735,0.58079,0.57519,0.50358,0.44948,0.42395
89,0,0,0.048327,0.1201,0.28339,0.27184,0.31067,0.4154,0.41476,0.54846,0.53876,0.45239,0.45512,0.45296,0.44497,0.42544,0.51723,0.4011,0.42428,0.29664,0.24482
89,0.024,0.081,0.2,0.218,0.394,0.425,0.519,0.538,0.607,0.607,0.644,0.65,0.638,0.656,0.638,0.569,0.569,0.543,0.463,0.387,0.293
89,-0.013,0.044,0.15,0.181,0.35,0.381,0.475,0.494,0.563,0.563,0.6,0.606,0.588,0.619,0.594,0.544,0.525,0.512,0.438,0.362,0.256
89,0.006,-0,0.025,0.044,0.256,0.25,0.281,0.387,0.413,0.556,0.512,0.45,0.45,0.45,0.425,0.4,0.525,0.356,0.369,0.044,0.031
89,-0.019,-0.025,-0,0.019,0.212,0.206,0.256,0.362,0.388,0.512,0.487,0.406,0.406,0.406,0.381,0.356,0.481,0.331,0.325,0.019,0.006
90,0,0.0018925,0.019676,0,0.065911,0.19762,0.35653,0.31472,0.3799,0.53306,0.58126,0.61301,0.67215,0.56903,0.66282,0.68326,0.6073,0.61514,0.56594,0.61053,0.55658
90,0,0,0,0.024886,0,0.010695,0.078122,0.3197,0.20511,0.26382,0.29995,0.33874,0.39885,0.38905,0.41094,0.40537,0.40272,0.39281,0.5138,0.47519,0.28262
90,0.044,0.105,0.106,0.056,0.063,0.169,0.363,0.419,0.413,0.55,0.618,0.619,0.669,0.556,0.637,0.662,0.6,0.581,0.512,0.562,0.5
90,-0.056,0.024,-0,-0.044,-0.037,0.063,0.263,0.313,0.307,0.45,0.531,0.519,0.569,0.456,0.537,0.562,0.494,0.481,0.406,0.456,0.394
90,-0,-0.019,0.05,0.106,0.075,0.03,0.075,0.394,0.225,0.281,0.318,0.356,0.432,0.375,0.406,0.387,0.437,0.324,0.494,0.394,-0
90,-0.037,-0.056,-0.044,0.012,-0.019,-0.007,0.038,0.3,0.188,0.244,0.281,0.319,0.388,0.338,0.369,0.35,0.4,0.287,0.4,0.3,-0.037
91,0.48409,0.71553,0.84587,1.0261,1.2364,1.402,1.5356,1.6462,1.7138,1.8082,1.8575,1.8763,1.8814,1.8603,1.8147,1.7398,1.637,1.5384,1.3954,1.2545,1.0895
91,0.52943,0.72337,0.85916,1.088,1.2537,1.3642,1.5375,1.645,1.7354,1.8021,1.8543,1.8673,1.8401,1.8147,1.7654,1.6823,1.5767,1.4504,1.3054,1.1445,0.97025
91,0.293,0.744,0.75,0.918,1.237,1.218,1.512,1.631,1.569,1.669,1.725,1.65,1.718,1.65,1.694,1.556,1.475,1.312,1.194,1.025,0.806
91,0.162,0.613,0.619,0.787,1.106,1.087,1.381,1.5,1.438,1.538,1.594,1.519,1.587,1.519,1.563,1.425,1.344,1.181,1.063,0.894,0.675
91,0.425,0.7,0.825,1.075,1.175,1.194,1.575,1.55,1.487,1.531,1.806,1.638,1.631,1.781,1.6,1.65,1.406,1.412,1.312,0.969,0.812
91,0.294,0.569,0.694,0.944,1.044,1.063,1.444,1.419,1.356,1.4,1.675,1.507,1.5,1.65,1.469,1.519,1.275,1.281,1.181,0.838,0.681
92,0.22624,0.3693,0.46281,0.42073,0.54453,0.62062,0.74298,0.77339,0.81377,0.83443,0.84169,0.83544,0.81577,0.78303,0.7425,0.67483,0.66641,0.54223,0.44363,0.46455,0.31911
92,0.030369,0.21614,0.38674,0.47612,0.55753,0.56407,0.69096,0.71708,0.77784,0.76975,0.64748,0.72336,0.63306,0.61069,0.57616,0.51916,0.51452,0.47123,0.42137,0.33401,0.23301
92,0.157,0.332,0.469,0.382,0.507,0.682,0.738,0.732,0.813,0.788,0.832,0.794,0.769,0.788,0.707,0.676,0.619,0.519,0.425,0.432,0.251
92,0.063,0.269,0.406,0.319,0.444,0.619,0.675,0.669,0.75,0.725,0.769,0.731,0.706,0.725,0.644,0.613,0.556,0.456,0.362,0.369,0.188
92,-0.006,0.069,0.288,0.363,0.519,0.532,0.676,0.706,0.751,0.775,0.638,0.713,0.613,0.594,0.581,0.488,0.507,0.45,0.413,0.275,0.126
92,-0.075,0.006,0.225,0.3,0.456,0.469,0.613,0.637,0.688,0.706,0.569,0.644,0.544,0.525,0.512,0.419,0.438,0.381,0.344,0.206,0.057
93,0,0,0.08492,0.1897,0.36648,0.59744,0.70894,0.87968,0.97606,1.0263,1.158,1.2106,1.257,1.2264,1.2864,1.2742,1.2403,1.197,1.1732,1.1147,0.96156
93,0,0,0,0,0,0.12526,0.23803,0.37615,0.60753,0.66172,0.61235,1.0369,1.0056,0.88088,0.89825,0.94527,0.83479,0.88517,0.82837,0.85572,0.79498
93,0.126,0.132,0.207,0.225,0.338,0.613,0.694,0.925,0.95,1.044,1.137,1.219,1.3,1.244,1.281,1.281,1.232,1.2,1.112,1.082,0.95
93,0.063,0.069,0.144,0.175,0.275,0.55,0.631,0.869,0.9,0.994,1.081,1.163,1.244,1.194,1.225,1.225,1.169,1.144,1.056,1.019,0.894
93,0.013,0.075,0.013,0.044,0.061,0.112,0.162,0.287,0.563,0.674,0.531,0.981,0.938,0.799,0.85,0.912,0.725,0.818,0.706,0.694,0.594
93,-0.037,0.025,-0.037,-0.006,0.024,0.075,0.125,0.25,0.519,0.637,0.494,0.931,0.894,0.762,0.813,0.875,0.688,0.781,0.669,0.644,0.544
94,0,0,0.021921,0.030099,0.095449,0.16549,0.29374,0.35658,0.41456,0.45779,0.49814,0.48999,0.56756,0.59007,0.60174,0.60479,0.61807,0.58256,0.57037,0.54762,0.53875
94,0,0,0,0.0047296,0.0043331,0.0017845,0.084907,0.20588,0.34925,0.39329,0.28988,0.35135,0.51816,0.39559,0.44052,0.56397,0.47988,0.4653,0.52381,0.49204,0.45192
94,0.031,0.081,0.144,0.1,0.143,0.194,0.3,0.369,0.432,0.487,0.519,0.526,0.593,0.606,0.6,0.6,0.613,0.581,0.563,0.532,0.468
94,-0.025,0.025,0.075,0.044,0.087,0.138,0.237,0.306,0.369,0.431,0.463,0.463,0.537,0.55,0.544,0.544,0.544,0.525,0.5,0.463,0.412
94,-0,-0,0.032,0.056,0.075,0.043,0.088,0.181,0.331,0.381,0.287,0.331,0.481,0.394,0.431,0.55,0.412,0.431,0.456,0.35,0.262
94,-0.05,-0.05,-0.018,0.006,0.019,-0.007,0.038,0.125,0.281,0.331,0.237,0.281,0.431,0.344,0.381,0.5,0.362,0.375,0.406,0.3,0.212
95,0.17607,0.29052,0.36946,0.43653,0.49324,0.54276,0.52633,0.61045,0.63717,0.65387,0.66025,0.65621,0.64182,0.60568,0.58315,0.53987,0.52426,0.50205,0.42068,0.38147,0.27403
95,0,0.078384,0.14504,0.35109,0.36179,0.41953,0.42104,0.55944,0.57852,0.57664,0.53054,0.47916,0.47435,0.45494,0.46095,0.4805,0.43259,0.36953,0.28615,0.15788,0.096756
95,0.125,0.256,0.406,0.413,0.525,0.562,0.532,0.594,0.631,0.638,0.656,0.644,0.656,0.625,0.569,0.525,0.506,0.469,0.357,0.269,0.169
95,0.031,0.181,0.331,0.338,0.45,0.487,0.438,0.519,0.556,0.563,0.581,0.569,0.581,0.531,0.494,0.45,0.431,0.375,0.263,0.175,0.094
95,-0.013,-0.025,-0,0.256,0.3,0.382,0.387,0.525,0.569,0.581,0.519,0.481,0.462,0.444,0.431,0.463,0.313,0.25,0.138,-0,-0.038
95,-0.069,-0.075,-0.056,0.181,0.231,0.313,0.331,0.45,0.494,0.512,0.456,0.425,0.406,0.388,0.375,0.394,0.244,0.181,0.075,-0.056,-0.094
96,0.36894,0.6921,0.88265,1.0419,1.1768,1.3103,1.411,1.4959,1.5565,1.5916,1.6007,1.5836,1.5406,1.4725,1.3809,1.2673,1.131,1.0376,0.98578,0.67816,0.52544
96,0.13663,0.59525,0.77863,0.94902,1.1034,1.2392,1.3539,1.2273,1.295,1.4901,1.4334,1.4493,1.3888,1.3385,1.2145,1.1803,1.1082,0.9597,0.81523,0.61513,0.42654
96,0.188,0.6,0.813,0.95,1.244,1.219,1.326,1.407,1.444,1.488,1.476,1.482,1.426,1.413,1.319,1.238,1.088,1,0.987,0.669,0.519
96,0.113,0.531,0.744,0.881,1.175,1.15,1.263,1.344,1.381,1.425,1.413,1.419,1.363,1.35,1.25,1.169,1.025,0.931,0.912,0.6,0.45
96,-0.006,0.301,0.569,0.782,0.95,1.119,1.226,1.069,1.194,1.388,1.319,1.313,1.225,1.244,1.238,1.063,0.988,0.788,0.663,0.238,0.176
96,-0.081,0.238,0.506,0.719,0.887,1.056,1.163,1,1.125,1.319,1.25,1.244,1.156,1.175,1.163,0.994,0.919,0.725,0.594,0.175,0.113
97,0.25153,0.36301,0.53939,0.73533,0.99285,1.121,1.2306,1.331,1.3348,1.3747,1.4306,1.4469,1.4225,1.393,1.3522,1.2628,1.1676,1.0777,0.8225,0.79107,0.65154
97,0.065329,0.25436,0.5315,0.69625,0.81597,1.081,1.1944,1.2876,1.3589,1.3953,1.4314,1.3861,1.407,1.2235,1.1519,1.194,1.0805,0.9357,0.8008,0.63949,0.46757
97,0.082,0.088,0.1,0.194,0.638,1.113,1.194,1.407,1.325,1.4,1.432,1.475,1.457,1.457,1.313,1.294,1.169,1.044,0.837,0.7,0.525
97,0.013,0.063,0.075,0.119,0.544,1.019,1.1,1.313,1.256,1.375,1.363,1.406,1.363,1.388,1.244,1.225,1.1,0.969,0.731,0.631,0.45
97,-0.025,-0.013,0.07,0.319,0.613,1.062,1.206,1.212,1.287,1.193,1.275,1.275,1.375,1.175,1.131,1.05,1.019,0.769,0.619,0.256,0.181
97,-0.125,-0.113,0.026,0.275,0.519,1.031,1.175,1.181,1.256,1.106,1.244,1.231,1.344,1.075,1.031,1.019,0.988,0.725,0.588,0.225,0.15
98,0.0088804,0.15368,0.1466,0.22281,0.26757,0.29971,0.32504,0.35088,0.36921,0.37722,0.34148,0.37935,0.38822,0.36599,0.35941,0.34882,0.34137,0.29646,0.2417,0.23958,0.2164
98,0,0.0036583,0.031773,0.070413,0.12119,0.25033,0.27296,0.25836,0.2149,0.2414,0.2413,0.26486,0.24735,0.2405,0.23085,0.30525,0.19619,0.16623,0.13529,0.12795,0.070475
98,-0.006,0.124,0.106,0.181,0.281,0.256,0.356,0.35,0.356,0.337,0.319,0.331,0.343,0.362,0.318,0.343,0.319,0.281,0.188,0.243,0.2
98,-0.05,0.087,0.062,0.144,0.244,0.219,0.325,0.313,0.319,0.281,0.275,0.294,0.306,0.325,0.281,0.306,0.269,0.244,0.144,0.212,0.15
98,-0.007,0.006,-0,-0.007,0.037,0.193,0.2,0.213,0.187,0.213,0.218,0.262,0.249,0.249,0.249,0.269,0.168,0.143,0.093,0.106,0.006
98,-0.044,-0.031,-0.037,-0.044,-0,0.156,0.156,0.169,0.15,0.169,0.181,0.225,0.212,0.212,0.212,0.225,0.131,0.106,0.056,0.069,-0.031
99,0.038573,0.19198,0.24125,0.28592,0.31984,0.356,0.33809,0.35857,0.35639,0.40802,0.40368,0.42259,0.43472,0.38102,0.41863,0.33862,0.34002,0.27233,0.23561,0.22124,0.17653
99,0,0.011395,0.050923,0.22301,0.21079,0.29855,0.32914,0.35423,0.37337,0.37787,0.38463,0.39238,0.37835,0.36541,0.3527,0.32107,0.24291,0.24166,0.20351,0.081475,0.044003
99,-0.006,0.132,0.207,0.269,0.306,0.375,0.351,0.363,0.35,0.407,0.388,0.419,0.45,0.388,0.4,0.325,0.313,0.275,0.213,0.182,0.125
99,-0.025,0.113,0.188,0.25,0.287,0.356,0.338,0.344,0.331,0.388,0.369,0.4,0.431,0.369,0.369,0.306,0.294,0.256,0.194,0.163,0.106
99,-0,-0.006,-0.006,0.213,0.188,0.307,0.326,0.344,0.382,0.356,0.381,0.351,0.375,0.306,0.319,0.319,0.25,0.225,0.163,0.026,-0
99,-0.013,-0.019,-0.019,0.2,0.175,0.294,0.313,0.331,0.369,0.35,0.375,0.338,0.369,0.3,0.306,0.306,0.237,0.206,0.15,0.013,-0.013
100,0,0.048458,0.038521,0.063772,0.11783,0.31931,0.38715,0.44198,0.48177,0.50326,0.58187,0.5493,0.606,0.63831,0.63692,0.64993,0.63639,0.61926,0.58539,0.55448,0.47888
100,0,0,0,0,0.027898,0.098117,0.15306,0.27187,0.39313,0.37008,0.42316,0.41544,0.45709,0.45557,0.41253,0.46941,0.50796,0.52714,0.49454,0.46844,0.28972
100,0.044,0.112,0.1,0.061,0.081,0.274,0.343,0.425,0.443,0.487,0.537,0.537,0.643,0.625,0.625,0.662,0.625,0.612,0.581,0.549,0.475
100,0.007,0.075,0.063,0.024,0.044,0.237,0.306,0.388,0.406,0.45,0.5,0.5,0.606,0.594,0.588,0.631,0.588,0.575,0.544,0.512,0.438
100,-0,0.018,0.025,0.018,0.056,0.081,0.1,0.162,0.343,0.318,0.375,0.387,0.418,0.449,0.369,0.456,0.449,0.431,0.443,0.35,0.006
100,-0.031,-0.019,-0.012,-0.019,0.019,0.044,0.063,0.125,0.306,0.281,0.338,0.35,0.381,0.412,0.338,0.419,0.412,0.394,0.406,0.313,-0.025
