1,0.13394,0.2367,0.44367,0.53129,0.60001,0.6307,0.67646,0.68808,0.76219,0.80419,0.79971,0.79315,0.79228,0.76285,0.69107,0.64514,0.58858,0.50767,0.4708,0.40638,0.22881
1,0.010042,0.10942,0.18664,0.4535,0.52968,0.49514,0.65418,0.70036,0.5997,0.6116,0.61101,0.61368,0.7074,0.604,0.59109,0.49644,0.48834,0.39544,0.35534,0.27281,0.12833
1,0.026,0.151,0.425,0.488,0.575,0.618,0.587,0.694,0.743,0.794,0.887,0.825,0.806,0.825,0.675,0.712,0.606,0.537,0.456,0.306,0.144
1,-0.087,0.038,0.319,0.388,0.481,0.512,0.481,0.581,0.637,0.694,0.781,0.719,0.706,0.725,0.569,0.606,0.5,0.431,0.356,0.193,0.038
1,-0.018,-0.006,-0.037,0.306,0.45,0.468,0.631,0.7,0.594,0.575,0.607,0.6,0.631,0.469,0.606,0.519,0.506,0.338,0.35,0.15,-0
1,-0.131,-0.119,-0.15,0.2,0.344,0.362,0.525,0.594,0.5,0.481,0.494,0.487,0.525,0.356,0.5,0.406,0.4,0.225,0.244,0.05,-0.113
2,0,0,0.010922,0,0.039505,0.18353,0.32632,0.67518,0.62867,0.78028,0.92875,0.99094,1.1616,1.1467,1.1219,1.2528,1.27,1.1739,1.1534,1.2174,1.155
2,0,0,0,0,0,0.056182,0.15071,0.33743,0.60936,0.49496,0.62098,0.69297,0.61978,0.84689,0.86989,0.9014,0.86769,1.1221,1.089,0.88017,0.81765
2,0.206,0.213,0.394,0.419,0.413,0.531,0.713,1.057,0.913,1.05,1.213,1.225,1.332,1.225,1.138,1.263,1.156,1.031,0.994,1.081,0.994
2,0.012,-0.031,0.2,0.175,0.169,0.287,0.469,0.863,0.669,0.806,1.044,0.981,1.138,0.981,0.894,1.019,0.912,0.787,0.75,0.912,0.75
2,-0.032,0.081,0.15,0.163,0.25,0.394,0.5,0.587,0.844,0.775,0.832,0.857,0.594,0.763,0.757,0.763,0.675,0.838,0.763,0.544,0.394
2,-0.138,-0.069,-0,0.013,0.1,0.188,0.256,0.375,0.694,0.531,0.588,0.613,0.419,0.6,0.588,0.594,0.506,0.688,0.613,0.3,0.15
3,0.51632,1.1357,1.4541,1.662,1.8311,1.9774,2.0956,2.168,2.1807,2.2027,2.205,2.2421,2.0628,1.9503,1.757,1.6672,1.6978,1.5079,1.1602,1.0701,0.40803
3,0.17845,0.42881,0.62776,0.82598,1.0066,1.2922,1.7675,1.6991,1.9419,1.8183,2.0771,1.8007,1.7047,1.7755,1.5904,1.1208,0.89967,0.93346,0.88522,0.56239,0.34224
3,-0.032,0.419,0.712,1.006,1.162,1.525,1.669,1.8,1.943,2.012,2.212,2.163,2.112,2.118,2.062,1.956,2.069,1.919,1.406,1.325,0.656
3,-0.163,0.25,0.481,0.775,0.931,1.294,1.438,1.569,1.731,1.8,1.981,2.044,1.9,1.906,1.85,1.725,1.95,1.8,1.281,1.206,0.525
3,-0.025,-0.056,-0.069,0.075,0.131,0.438,1.131,1.063,1.6,1.357,1.837,1.632,1.619,1.937,1.65,1.225,1.075,1.082,1.112,0.762,0.493
3,-0.144,-0.181,-0.194,-0.038,0.018,0.319,0.919,0.944,1.388,1.238,1.625,1.513,1.5,1.725,1.519,1.106,0.95,0.963,0.9,0.55,0.281
4,0,0,0,0.11681,0.034889,0.066955,0.23926,0.52401,0.75755,0.94261,0.94903,1.1352,1.1897,1.2388,1.2986,1.3666,1.3426,1.3669,1.2677,1.3004,1.2367
4,0,0,0,0,0,0.019885,0.12548,0.2732,0.3951,0.65597,0.62252,0.77068,0.9299,0.86204,0.91447,0.94797,0.86187,1.2143,1.0692,1.0724,0.99433
4,0.156,0.231,0.343,0.437,0.375,0.425,0.55,0.9,1.044,1.162,1.125,1.262,1.325,1.293,1.325,1.337,1.356,1.281,1.156,1.112,1
4,0.075,0.1,0.212,0.306,0.294,0.344,0.469,0.819,0.963,1.031,1.044,1.131,1.244,1.212,1.244,1.206,1.275,1.2,1.075,1.031,0.869
4,-0,0.025,0.088,0.281,0.219,0.344,0.375,0.475,0.587,0.862,0.787,0.881,0.968,0.862,0.869,0.844,0.787,1.081,0.787,0.762,0.568
4,-0.075,-0.056,0.013,0.15,0.144,0.269,0.294,0.394,0.506,0.731,0.706,0.8,0.887,0.762,0.769,0.744,0.662,0.95,0.706,0.631,0.487
5,0.19486,0.27376,0.34715,0.39256,0.43387,0.55044,0.54382,0.60574,0.63911,0.65814,0.66568,0.66307,0.56606,0.61852,0.55484,0.50474,0.44645,0.36951,0.38782,0.26217,0.24771
5,0.066839,0.14904,0.27334,0.33422,0.3942,0.44666,0.46708,0.50083,0.55552,0.51837,0.5284,0.53302,0.5367,0.47027,0.5012,0.39028,0.42105,0.34406,0.26694,0.20875,0.087843
5,0.137,0.175,0.25,0.312,0.381,0.512,0.506,0.575,0.606,0.638,0.638,0.644,0.568,0.643,0.574,0.549,0.487,0.437,0.406,0.293,0.237
5,0.1,0.144,0.219,0.275,0.344,0.475,0.475,0.544,0.569,0.594,0.594,0.6,0.537,0.606,0.537,0.512,0.45,0.406,0.369,0.256,0.2
5,-0,-0,0.118,0.163,0.3,0.369,0.425,0.469,0.537,0.481,0.512,0.531,0.531,0.443,0.494,0.393,0.412,0.325,0.262,0.181,0.012
5,-0.037,-0.037,0.087,0.132,0.269,0.338,0.394,0.438,0.506,0.45,0.481,0.494,0.5,0.406,0.463,0.356,0.381,0.294,0.231,0.15,-0.025
6,0.49754,0.75959,0.94523,1.1604,1.4161,1.5673,1.8023,1.955,2.0773,2.1669,2.2224,2.1619,2.2277,2.1633,2.0929,1.9475,1.9795,1.8281,1.6516,1.494,1.0111
6,0.21894,0.49385,0.75804,1.0099,0.88362,1.1764,1.3688,1.4091,1.8277,1.7767,1.9546,1.9968,1.5991,1.8538,1.5323,1.4259,1.3689,1.1346,1.2828,0.75208,0.7933
6,0.893,1.037,1.369,1.562,1.844,1.944,2.125,2.219,2.238,2.325,2.263,2.181,2.113,1.956,1.85,1.594,1.525,1.344,1.069,0.925,0.425
6,0.787,0.931,1.269,1.462,1.744,1.844,2.025,2.119,2.138,2.225,2.163,2.081,2.013,1.856,1.75,1.494,1.419,1.244,0.963,0.806,0.306
6,0.337,0.719,1.063,1.269,1.225,1.538,1.663,1.644,2.068,1.906,1.956,1.912,1.487,1.65,1.281,1.087,0.956,0.694,0.731,0.162,0.288
6,0.237,0.619,0.963,1.169,1.119,1.438,1.563,1.538,1.962,1.806,1.85,1.806,1.381,1.55,1.175,0.981,0.85,0.588,0.631,0.056,0.188
7,0.2552,0.37857,0.54987,0.66205,0.7862,0.8977,0.99462,1.0753,1.1384,1.1827,1.2076,1.2126,1.1977,1.163,1.1093,1.0373,0.99298,0.84727,0.80012,0.60547,0.46997
7,0.0048528,0.3728,0.51664,0.61289,0.76701,0.72278,0.97965,0.90154,1.1195,1.1669,1.1292,1.13,1.1936,1.1601,1.105,0.96238,0.88558,0.82365,0.72491,0.59589,0.45661
7,0.25,0.418,0.631,0.737,0.843,0.956,1.069,1.131,1.162,1.187,1.194,1.194,1.169,1.131,1.044,0.95,0.919,0.762,0.725,0.468,0.256
7,0.194,0.362,0.575,0.681,0.787,0.9,1.013,1.075,1.106,1.131,1.138,1.138,1.113,1.075,0.988,0.894,0.875,0.706,0.681,0.412,0.2
7,-0.031,0.331,0.512,0.619,0.837,0.718,1.031,0.906,1.081,1.106,1.062,1.125,1.137,1.119,1,0.919,0.75,0.656,0.55,0.394,0.181
7,-0.087,0.275,0.456,0.563,0.781,0.662,0.975,0.85,1.025,1.05,1.006,1.069,1.081,1.063,0.944,0.863,0.694,0.6,0.494,0.338,0.125
8,1.1003,1.1191,1.2097,1.2504,1.2894,1.3136,1.3174,1.3008,1.3602,1.2241,1.1643,1.0574,0.8998,0.77848,0.64514,0.50207,0.35173,0.46406,0.06147,0.12032,0.052471
8,0.44851,0.57319,0.63937,0.71878,1.0683,1.104,0.97076,0.9078,0.79896,0.91572,0.7424,0.68279,0.51398,0.72355,0.29463,0.15279,0.0054862,0.075548,0,0,0
8,0.613,0.744,0.869,0.988,1.113,1.238,1.3,1.313,1.412,1.375,1.332,1.281,1.175,1.094,0.956,0.894,0.813,0.756,0.581,0.388,0.344
8,0.544,0.669,0.794,0.913,1.044,1.169,1.231,1.244,1.337,1.306,1.263,1.212,1.106,1.025,0.887,0.825,0.744,0.681,0.506,0.313,0.269
8,-0.019,-0,-0.012,0.044,0.732,0.982,0.894,0.957,0.919,1.082,0.956,0.932,0.788,1.057,0.625,0.513,0.381,0.362,0.306,0.162,0.1
8,-0.094,-0.075,-0.087,-0.031,0.669,0.919,0.831,0.894,0.844,1.019,0.887,0.869,0.713,0.988,0.55,0.438,0.306,0.287,0.237,0.087,0.031
9,1.7495,1.8372,2.0968,2.2392,2.3375,2.2993,2.3725,2.3239,2.3021,2.2227,2.1091,1.963,1.724,1.5212,1.2942,1.047,0.84516,0.57576,0.19103,0.38979,0.041883
9,0.79538,1.021,1.6201,1.659,1.7749,1.8568,1.6528,1.6363,1.6727,1.675,1.7042,1.5963,1.139,1.0784,0.76625,0.74036,0.52186,0.23605,0.012688,0,0
9,0.538,0.831,1.269,1.532,1.675,1.775,2.032,2.088,2.188,2.244,2.269,2.232,2.144,2.057,1.932,1.756,1.65,1.481,1.143,1.282,0.806
9,0.494,0.781,1.225,1.488,1.631,1.731,1.988,2.044,2.144,2.2,2.225,2.188,2.1,2.013,1.888,1.712,1.613,1.444,1.106,1.238,0.762
9,-0.032,-0.019,0.625,0.85,1.193,1.393,1.406,1.531,1.675,1.812,1.943,2.081,1.662,1.693,1.637,1.562,1.537,1.162,1,0.775,0.524
9,-0.069,-0.056,0.588,0.813,1.156,1.356,1.369,1.494,1.638,1.775,1.906,2.044,1.625,1.656,1.6,1.525,1.5,1.125,0.963,0.738,0.487
10,0.3408,0.45702,0.45067,0.59253,0.70378,0.78891,0.93703,0.99344,1.0274,1.1173,1.118,1.1296,1.0667,1.0344,1.0029,0.93916,0.88461,0.74585,0.79801,0.69507,0.52142
10,0,0.057886,0.44142,0.4145,0.52555,0.70619,0.66239,0.75949,0.84826,0.82742,0.9974,0.88904,0.7962,0.87244,0.80698,0.70722,0.68414,0.58692,0.51004,0.31525,0.19937
10,0.369,0.562,0.575,0.668,0.818,0.894,0.975,1.019,1.012,1.088,1.106,1.037,1.007,0.931,0.9,0.85,0.775,0.588,0.7,0.606,0.413
10,0.344,0.537,0.544,0.637,0.787,0.863,0.95,0.994,0.981,1.063,1.081,1.006,0.988,0.906,0.875,0.831,0.75,0.569,0.669,0.575,0.388
10,-0,-0,0.475,0.475,0.569,0.781,0.7,0.788,0.869,0.863,0.988,0.869,0.738,0.813,0.719,0.575,0.582,0.431,0.319,0.088,-0
10,-0.019,-0.019,0.456,0.456,0.55,0.762,0.681,0.769,0.85,0.844,0.969,0.85,0.719,0.794,0.7,0.556,0.563,0.412,0.3,0.069,-0.019
11,0,0,0.075672,0.033404,0.022351,0.10347,0.26316,0.24126,0.31378,0.39948,0.45161,0.44543,0.50348,0.53103,0.52469,0.59223,0.60297,0.58416,0.56597,0.54993,0.5029
11,0,0,0,0.017179,0,0.050071,0.035975,0.10915,0.15828,0.2085,0.27476,0.29911,0.32498,0.4299,0.36459,0.42639,0.38049,0.37069,0.34271,0.35933,0.4018
11,0.094,0.132,0.213,0.207,0.219,0.306,0.451,0.438,0.469,0.544,0.55,0.525,0.525,0.556,0.525,0.556,0.556,0.494,0.488,0.407,0.357
11,0.075,0.113,0.194,0.188,0.2,0.287,0.438,0.419,0.45,0.525,0.531,0.506,0.506,0.537,0.506,0.537,0.537,0.475,0.469,0.388,0.338
11,0.012,0.05,0.106,0.207,0.2,0.282,0.269,0.344,0.381,0.413,0.463,0.463,0.469,0.563,0.469,0.482,0.4,0.363,0.275,0.238,0.213
11,-0.007,0.031,0.087,0.188,0.181,0.263,0.25,0.325,0.362,0.394,0.444,0.444,0.45,0.544,0.45,0.463,0.381,0.344,0.256,0.219,0.194
12,0.90852,1.0318,1.0234,1.1459,1.2193,1.2474,1.3198,1.3261,1.2072,1.1835,1.1898,1.0297,0.96473,0.89842,0.73558,0.6349,0.5229,0.29484,0.16913,0.14795,0.016766
12,0.42583,0.57243,0.86877,0.89792,0.9656,0.94859,1.0449,0.90888,0.89821,0.85574,0.82077,0.75531,0.67341,0.57648,0.46618,0.40358,0.31234,0.19768,0.039733,0,0
12,0.325,0.493,0.556,0.768,0.849,1.018,1.125,1.144,1.068,1.137,1.15,1.118,1.168,1.137,1.056,1.05,0.968,0.856,0.675,0.718,0.462
12,0.244,0.412,0.469,0.681,0.762,0.931,1.044,1.063,0.981,1.05,1.069,1.031,1.081,1.05,0.969,0.963,0.881,0.769,0.588,0.631,0.375
12,-0.013,-0,0.287,0.431,0.574,0.65,0.887,0.837,0.969,1.037,1.019,1.081,1.063,1.006,0.931,0.887,0.881,0.768,0.624,0.481,0.293
12,-0.1,-0.087,0.2,0.344,0.487,0.569,0.8,0.762,0.894,0.95,0.944,1.006,0.988,0.931,0.856,0.806,0.794,0.681,0.537,0.394,0.206
13,0.14318,0.30105,0.32936,0.42177,0.49305,0.55593,0.59504,0.61378,0.65935,0.68045,0.68571,0.68334,0.6544,0.64703,0.63376,0.5861,0.48241,0.45614,0.43655,0.34402,0.22251
13,0.018694,0.17581,0.31415,0.38639,0.45215,0.41328,0.44588,0.50242,0.51531,0.55943,0.54484,0.58455,0.54135,0.59729,0.45597,0.52068,0.37144,0.36612,0.27334,0.23344,0.1492
13,0.088,0.281,0.363,0.394,0.475,0.556,0.594,0.619,0.668,0.675,0.693,0.65,0.662,0.656,0.631,0.575,0.469,0.45,0.419,0.319,0.194
13,0.038,0.25,0.313,0.381,0.444,0.525,0.563,0.569,0.637,0.644,0.662,0.631,0.631,0.625,0.581,0.525,0.425,0.419,0.369,0.313,0.163
13,-0.025,0.082,0.225,0.35,0.406,0.388,0.444,0.5,0.507,0.556,0.531,0.568,0.531,0.606,0.431,0.506,0.338,0.338,0.238,0.163,0.043
13,-0.05,0.038,0.194,0.319,0.375,0.344,0.4,0.469,0.463,0.525,0.487,0.537,0.487,0.575,0.406,0.475,0.313,0.313,0.194,0.138,0.018
14,0,0.018027,0.022543,0.11305,0.20257,0.17493,0.28365,0.38719,0.66371,0.58686,0.81199,0.8686,0.86654,0.94194,0.91573,0.93299,0.90618,0.87943,0.87489,0.90485,0.66264
14,0,0,0,0.041011,0,0.093153,0.19793,0.21209,0.25933,0.42289,0.40738,0.57598,0.57158,0.55376,0.69143,0.70217,0.59633,0.66183,0.66741,0.58606,0.58015
14,0.088,0.201,0.251,0.419,0.663,0.518,0.656,0.7,0.938,0.787,1,1.025,0.969,0.988,0.932,0.888,0.794,0.725,0.688,0.669,0.325
14,-0.006,0.107,0.157,0.325,0.569,0.412,0.55,0.594,0.844,0.681,0.906,0.931,0.875,0.894,0.838,0.794,0.7,0.631,0.594,0.569,0.219
14,-0,-0.038,0.081,0.325,0.287,0.487,0.556,0.6,0.624,0.756,0.712,0.856,0.774,0.724,0.831,0.8,0.65,0.612,0.55,0.381,0.282
14,-0.006,-0.044,0.075,0.231,0.281,0.481,0.531,0.494,0.537,0.65,0.625,0.769,0.687,0.637,0.744,0.713,0.55,0.525,0.463,0.294,0.188
15,0.27569,0.33976,0.42227,0.53744,0.57823,0.66636,0.63342,0.77267,0.80792,0.84254,0.83959,0.85111,0.84686,0.78771,0.72477,0.71201,0.67355,0.59571,0.51882,0.37144,0.31338
15,0,0.27353,0.36901,0.37846,0.54016,0.50504,0.56634,0.52272,0.58998,0.60334,0.61435,0.62611,0.72223,0.5912,0.58453,0.5151,0.4541,0.4116,0.33026,0.25717,0.15834
15,0.219,0.288,0.388,0.55,0.581,0.719,0.687,0.775,0.838,0.831,0.85,0.85,0.851,0.788,0.706,0.663,0.643,0.538,0.463,0.35,0.206
15,0.144,0.219,0.319,0.475,0.525,0.65,0.556,0.706,0.769,0.756,0.781,0.775,0.738,0.719,0.65,0.588,0.512,0.463,0.388,0.281,0.131
15,-0,0.2,0.331,0.3,0.487,0.481,0.569,0.55,0.581,0.637,0.6,0.669,0.688,0.625,0.569,0.519,0.413,0.325,0.194,0.156,-0.006
15,-0.056,0.169,0.3,0.231,0.431,0.412,0.456,0.475,0.512,0.581,0.544,0.613,0.619,0.569,0.5,0.463,0.338,0.256,0.138,0.087,-0.069
16,0,0,0,0,0.22439,0.19285,0.33501,0.33765,0.69769,0.8043,0.82313,0.99177,0.9103,1.1183,1.038,1.0433,1.1145,1.103,1.1819,1.1231,1.1035
16,0,0,0,0,0.0098263,0.013461,0,0.18905,0.37405,0.65054,0.75445,0.76812,0.64874,0.98454,0.83422,0.76395,0.78209,0.99933,0.80484,0.77556,0.91519
16,0.144,0.187,0.25,0.262,0.462,0.469,0.725,0.663,0.938,0.994,0.982,1.087,0.988,1.175,1.025,1.044,1.031,0.975,1.069,0.943,0.931
16,0.1,0.15,0.206,0.212,0.425,0.419,0.681,0.613,0.894,0.95,0.938,1.05,0.938,1.131,0.975,0.994,0.981,0.925,1.019,0.906,0.881
16,-0,0.05,0.151,0.094,0.201,0.188,0.2,0.319,0.519,0.794,0.907,0.844,0.781,1.013,0.781,0.681,0.638,0.806,0.606,0.456,0.55
16,-0.044,0.006,0.107,0.05,0.157,0.138,0.15,0.275,0.475,0.75,0.863,0.8,0.731,0.969,0.731,0.631,0.588,0.762,0.556,0.412,0.506
17,0.20922,0.27953,0.40562,0.43386,0.51693,0.58573,0.62323,0.66041,0.68256,0.63257,0.70555,0.69559,0.67362,0.64248,0.59942,0.57941,0.48588,0.46151,0.3997,0.27504,0.24965
17,0.075918,0.16531,0.29047,0.32829,0.43809,0.42221,0.51895,0.53154,0.53745,0.60665,0.56388,0.60759,0.58259,0.56397,0.48925,0.4788,0.45301,0.35792,0.32603,0.1941,0.12379
17,0.125,0.2,0.319,0.388,0.463,0.556,0.6,0.657,0.613,0.625,0.713,0.669,0.657,0.6,0.638,0.594,0.525,0.488,0.388,0.225,0.256
17,0.075,0.156,0.275,0.338,0.419,0.512,0.556,0.613,0.569,0.575,0.669,0.625,0.613,0.556,0.594,0.544,0.481,0.438,0.338,0.181,0.206
17,-0.006,-0,0.156,0.206,0.356,0.337,0.475,0.518,0.518,0.587,0.543,0.618,0.568,0.593,0.506,0.462,0.462,0.293,0.231,0.043,-0.007
17,-0.037,-0.031,0.106,0.175,0.325,0.306,0.444,0.487,0.487,0.55,0.512,0.581,0.531,0.556,0.475,0.425,0.431,0.256,0.2,0.006,-0.044
18,0.20896,0.33805,0.28168,0.46624,0.55569,0.61012,0.66393,0.70734,0.7396,0.70196,0.76866,0.78,0.74916,0.74425,0.68241,0.63999,0.58087,0.51307,0.48597,0.4438,0.36294
18,0,0.17555,0.26378,0.41856,0.49328,0.41848,0.50455,0.53004,0.5806,0.59007,0.63896,0.60618,0.63438,0.57028,0.54866,0.46014,0.52998,0.45234,0.37968,0.29992,0.20063
18,0.157,0.306,0.287,0.444,0.544,0.613,0.669,0.713,0.75,0.744,0.744,0.731,0.713,0.731,0.663,0.613,0.563,0.469,0.444,0.425,0.357
18,0.094,0.237,0.231,0.375,0.481,0.544,0.6,0.644,0.681,0.688,0.675,0.662,0.644,0.662,0.594,0.544,0.494,0.4,0.381,0.362,0.294
18,-0,0.081,0.188,0.382,0.469,0.4,0.513,0.513,0.581,0.581,0.625,0.6,0.631,0.556,0.537,0.444,0.526,0.412,0.319,0.169,0.075
18,-0.056,0.031,0.138,0.319,0.406,0.35,0.463,0.463,0.525,0.531,0.575,0.544,0.575,0.5,0.487,0.388,0.463,0.362,0.269,0.119,0.025
19,0.10391,0.20685,0.25009,0.27108,0.2562,0.32181,0.38796,0.38975,0.41823,0.43907,0.44423,0.44321,0.44104,0.42283,0.41555,0.37933,0.35575,0.33604,0.27761,0.25791,0.21662
19,0.013339,0.026927,0.0687,0.17515,0.21603,0.25273,0.25533,0.28042,0.29081,0.27741,0.26908,0.35567,0.26577,0.25485,0.23808,0.29682,0.26722,0.15614,0.19339,0.15096,0.039803
19,0.031,0.163,0.207,0.238,0.244,0.325,0.394,0.387,0.419,0.419,0.419,0.413,0.419,0.407,0.407,0.363,0.343,0.325,0.25,0.231,0.175
19,-0.075,0.144,0.188,0.144,0.138,0.219,0.375,0.287,0.325,0.4,0.4,0.394,0.325,0.388,0.313,0.344,0.237,0.231,0.231,0.125,0.081
19,-0.019,-0.05,-0.05,0.138,0.15,0.225,0.256,0.294,0.275,0.275,0.262,0.319,0.219,0.231,0.256,0.306,0.238,0.125,0.169,0.088,-0.031
19,-0.119,-0.156,-0.156,0.038,0.05,0.125,0.156,0.194,0.169,0.169,0.156,0.219,0.119,0.131,0.156,0.206,0.138,0.025,0.069,-0.018,-0.131
20,0,0,0,0.0073098,0,0.17648,0.28435,0.28153,0.37322,0.58615,0.76411,0.75219,0.69001,0.74442,0.87343,0.90413,0.9784,0.9862,0.95798,0.9458,0.90479
20,0,0,0,0,0,0,0.11295,0.20646,0.30687,0.54869,0.58929,0.70653,0.65758,0.64995,0.65846,0.68098,0.82673,0.82076,0.57563,0.54515,0.50667
20,0.112,0.187,0.2,0.219,0.243,0.375,0.487,0.444,0.631,0.744,0.875,0.869,0.8,0.768,0.869,0.869,0.912,0.894,0.831,0.781,0.575
20,0.106,0.181,0.194,0.219,0.237,0.375,0.487,0.438,0.625,0.744,0.869,0.869,0.794,0.762,0.863,0.863,0.912,0.894,0.825,0.781,0.575
20,0.031,0.069,0.081,0.125,0.175,0.206,0.281,0.418,0.456,0.65,0.737,0.787,0.725,0.643,0.694,0.637,0.737,0.643,0.062,0.043,0.012
20,0.025,0.063,0.075,0.119,0.169,0.2,0.275,0.412,0.45,0.644,0.731,0.781,0.719,0.637,0.688,0.631,0.731,0.637,0.056,0.037,0.006
21,0.35589,0.42067,0.47075,0.51703,0.56519,0.60049,0.6263,0.60706,0.62078,0.65165,0.61915,0.60669,0.58283,0.54149,0.5331,0.4251,0.42377,0.28284,0.22241,0.15516,0.13632
21,0.16478,0.23919,0.33643,0.4022,0.46827,0.57464,0.50449,0.48623,0.49216,0.49542,0.58791,0.59058,0.50912,0.44874,0.36358,0.3537,0.29301,0.22637,0.18775,0.10039,0.025073
21,0.138,0.226,0.275,0.326,0.451,0.488,0.576,0.55,0.588,0.619,0.619,0.651,0.638,0.6,0.619,0.55,0.538,0.413,0.4,0.313,0.294
21,0.075,0.163,0.212,0.263,0.388,0.425,0.513,0.481,0.519,0.556,0.556,0.588,0.575,0.537,0.55,0.487,0.469,0.35,0.331,0.244,0.225
21,0.012,0.012,0.107,0.206,0.307,0.444,0.401,0.412,0.437,0.482,0.588,0.651,0.563,0.526,0.463,0.5,0.4,0.362,0.338,0.219,0.119
21,-0.044,-0.044,0.044,0.15,0.244,0.381,0.338,0.356,0.381,0.419,0.525,0.588,0.5,0.463,0.4,0.444,0.344,0.306,0.275,0.156,0.056
22,0.16281,0.30143,0.37881,0.35093,0.50883,0.53301,0.57043,0.61125,0.66862,0.68652,0.69347,0.68934,0.67421,0.64528,0.61936,0.61936,0.52682,0.5211,0.46098,0.39298,0.31755
22,0.0031556,0.23169,0.31059,0.38436,0.45171,0.3915,0.5626,0.51181,0.63564,0.54418,0.5551,0.58843,0.58049,0.52369,0.5232,0.49301,0.44432,0.37985,0.35029,0.23557,0.19685
22,0.107,0.251,0.425,0.331,0.494,0.532,0.569,0.606,0.657,0.682,0.676,0.676,0.657,0.651,0.619,0.588,0.494,0.507,0.419,0.35,0.288
22,0.038,0.188,0.362,0.256,0.431,0.463,0.5,0.537,0.594,0.619,0.613,0.613,0.594,0.588,0.556,0.519,0.419,0.438,0.35,0.281,0.219
22,-0.012,0.138,0.226,0.357,0.432,0.375,0.563,0.519,0.619,0.544,0.562,0.582,0.569,0.519,0.494,0.463,0.394,0.344,0.288,0.181,0.094
22,-0.075,0.075,0.163,0.294,0.369,0.306,0.5,0.456,0.556,0.469,0.487,0.519,0.506,0.444,0.431,0.4,0.331,0.281,0.225,0.106,0.031
23,0.27811,0.37556,0.42984,0.49122,0.52485,0.54705,0.59393,0.58674,0.62383,0.62418,0.59816,0.57842,0.55206,0.53313,0.46583,0.41875,0.35763,0.30097,0.22043,0.14671,0.10425
23,0.13562,0.20634,0.26162,0.4413,0.49009,0.46704,0.49916,0.52202,0.53523,0.53855,0.56896,0.52511,0.53132,0.49481,0.44501,0.39984,0.31514,0.20276,0.12989,0.062037,0.00022503
23,0.05,0.088,0.175,0.319,0.369,0.437,0.5,0.537,0.594,0.588,0.632,0.607,0.632,0.569,0.331,0.188,0.176,0.2,0.157,0.069,0.006
23,-0.025,-0.006,0.081,0.225,0.256,0.362,0.406,0.456,0.481,0.494,0.519,0.494,0.519,0.475,0.218,0.075,0.063,0.106,0.044,-0.044,-0.088
23,-0.013,-0.019,-0.007,0.2,0.35,0.299,0.393,0.468,0.531,0.518,0.537,0.518,0.519,0.576,0.432,0.268,0.126,0.05,0.076,0.038,0.038
23,-0.119,-0.125,-0.113,0.087,0.237,0.212,0.306,0.381,0.444,0.431,0.45,0.431,0.406,0.463,0.319,0.181,0.013,-0.056,-0.037,-0.075,-0.075
24,0,0,0.066156,0.1079,0.079861,0.27085,0.41593,0.51662,0.41556,0.52247,0.60594,0.6787,0.73949,0.78727,0.82124,0.8408,0.92497,0.85553,0.83161,0.93919,0.81792
24,0,0,0,0,0,0,0.21274,0.12269,0.29595,0.32857,0.40354,0.4366,0.58254,0.64842,0.56424,0.74011,0.72412,0.71371,0.68908,0.73914,0.68315
24,0.05,0.082,0.231,0.288,0.281,0.574,0.681,0.781,0.656,0.762,0.812,0.837,0.843,0.837,0.843,0.825,0.825,0.762,0.731,0.763,0.55
24,-0.031,-0.012,0.15,0.194,0.206,0.487,0.594,0.694,0.575,0.681,0.731,0.756,0.762,0.756,0.762,0.744,0.738,0.681,0.65,0.669,0.475
24,-0,0.025,0.074,0.15,0.193,0.212,0.518,0.5,0.575,0.637,0.775,0.625,0.756,0.769,0.65,0.8,0.725,0.663,0.575,0.537,0.362
24,-0.087,-0.056,-0.013,0.063,0.106,0.131,0.431,0.419,0.494,0.556,0.694,0.544,0.681,0.694,0.569,0.719,0.65,0.588,0.5,0.45,0.275
25,0,0,0.050491,0.11791,0.013515,0.24359,0.30416,0.35993,0.41428,0.40269,0.39231,0.46935,0.47118,0.49908,0.50823,0.51864,0.53141,0.59916,0.5404,0.51733,0.52661
25,0,0,0,0.00016398,0.068368,0.10545,0.031539,0.1082,0.20563,0.23351,0.29259,0.40216,0.38012,0.37008,0.41139,0.36257,0.34764,0.33939,0.46563,0.37365,0.27216
25,0.087,0.119,0.162,0.212,0.144,0.35,0.4,0.462,0.531,0.519,0.482,0.6,0.569,0.594,0.563,0.532,0.519,0.501,0.4,0.363,0.257
25,0.031,0.063,0.106,0.156,0.081,0.294,0.344,0.406,0.475,0.456,0.419,0.544,0.506,0.531,0.5,0.469,0.456,0.438,0.337,0.3,0.194
25,0.019,0.025,0.068,0.112,0.137,0.206,0.106,0.162,0.282,0.287,0.375,0.481,0.481,0.45,0.481,0.418,0.362,0.312,0.356,0.169,-0.013
25,-0.037,-0.031,0.012,0.056,0.081,0.15,0.05,0.106,0.219,0.231,0.319,0.425,0.425,0.394,0.425,0.362,0.306,0.256,0.3,0.113,-0.069
26,0,0,0,0.02069,0.13067,0.021827,0.15012,0.32411,0.32007,0.43439,0.49504,0.54076,0.53853,0.61312,0.62292,0.63104,0.65253,0.64686,0.62792,0.61754,0.58856
26,0,0,0,0,0.012968,0.014353,0,0.18453,0.22621,0.34425,0.28732,0.39115,0.36556,0.40881,0.44054,0.53797,0.4435,0.54058,0.52741,0.50486,0.47337
26,0.069,0.094,0.144,0.2,0.282,0.157,0.275,0.475,0.444,0.563,0.569,0.594,0.594,0.632,0.669,0.619,0.619,0.575,0.556,0.525,0.5
26,0.05,0.075,0.125,0.175,0.263,0.138,0.256,0.456,0.425,0.544,0.55,0.575,0.575,0.613,0.644,0.6,0.6,0.556,0.537,0.506,0.481
26,0.013,0.032,0.069,0.069,0.125,0.163,0.138,0.282,0.313,0.419,0.332,0.457,0.388,0.419,0.425,0.488,0.363,0.457,0.419,0.338,0.288
26,-0.006,0.013,0.05,0.05,0.106,0.144,0.119,0.263,0.294,0.4,0.313,0.438,0.369,0.4,0.406,0.469,0.344,0.438,0.4,0.319,0.269
27,0.17699,0.265,0.33977,0.38409,0.47239,0.5184,0.4861,0.58644,0.6333,0.65686,0.68746,0.69073,0.68385,0.66406,0.65605,0.62246,0.58696,0.53596,0.48238,0.36919,0.33496
27,0,0.046513,0.26759,0.34241,0.41153,0.38555,0.4425,0.45872,0.4943,0.53488,0.48815,0.53217,0.5706,0.5185,0.56113,0.44838,0.38101,0.37293,0.28115,0.21627,0.14792
27,0.138,0.225,0.356,0.363,0.469,0.581,0.462,0.568,0.6,0.638,0.675,0.662,0.662,0.631,0.6,0.543,0.524,0.5,0.375,0.281,0.262
27,0.113,0.2,0.331,0.338,0.444,0.556,0.431,0.531,0.575,0.613,0.65,0.637,0.637,0.606,0.563,0.506,0.487,0.463,0.338,0.256,0.206
27,-0,-0,0.188,0.312,0.381,0.381,0.475,0.444,0.5,0.562,0.5,0.519,0.562,0.456,0.387,0.169,0.044,0.062,0.032,-0,-0.019
27,-0.025,-0.025,0.163,0.287,0.356,0.356,0.45,0.419,0.475,0.537,0.475,0.494,0.537,0.431,0.362,0.144,0.019,0.037,0.007,-0.025,-0.044
28,0.12748,0.38194,0.4915,0.4692,0.6122,0.69552,0.87568,1.0876,1.121,1.1054,1.2572,1.2316,1.2821,1.2337,1.2068,1.2231,1.1578,1.084,0.99229,0.86966,0.66488
28,0.07771,0.2357,0.38836,0.40972,0.50044,0.58435,0.72161,0.82323,0.78133,0.88105,0.93068,0.91686,0.927,1.0001,1.1184,0.96164,0.7808,0.68829,0.59018,0.48998,0.37422
28,0.337,0.6,0.725,0.725,0.843,0.894,1,1.157,1.156,1.087,1.207,1.162,1.125,1.032,0.975,1.006,0.919,0.762,0.669,0.468,0.262
28,0.281,0.55,0.681,0.669,0.787,0.838,0.944,1.113,1.1,1.031,1.163,1.125,1.069,0.988,0.931,0.95,0.863,0.706,0.613,0.412,0.212
28,0.175,0.418,0.581,0.568,0.662,0.75,0.881,0.943,0.912,0.937,0.95,0.869,0.831,0.887,0.968,0.806,0.481,0.375,0.3,0.125,0.031
28,0.138,0.381,0.544,0.531,0.631,0.719,0.85,0.912,0.912,0.906,0.919,0.869,0.831,0.856,0.931,0.775,0.481,0.344,0.269,0.125,0.031
29,0,0,0,0,0.038683,0.14549,0.23913,0.27858,0.48257,0.53602,0.64642,0.64128,0.67913,0.79452,0.83528,0.83692,0.85841,0.79967,0.80892,0.8142,0.78099
29,0,0,0,0,0,0,0.0034063,0.19547,0.28428,0.41177,0.48672,0.42728,0.40796,0.49886,0.73743,0.75639,0.58475,0.58472,0.69588,0.62274,0.50054
29,0.081,0.113,0.168,0.188,0.219,0.357,0.482,0.463,0.618,0.656,0.781,0.743,0.718,0.818,0.85,0.856,0.837,0.713,0.725,0.7,0.632
29,0.037,0.069,0.131,0.144,0.175,0.313,0.438,0.419,0.581,0.619,0.75,0.706,0.681,0.787,0.813,0.825,0.8,0.669,0.694,0.656,0.588
29,0.018,0.006,0.024,0.056,0.112,0.124,0.162,0.375,0.387,0.524,0.556,0.468,0.412,0.512,0.768,0.712,0.481,0.462,0.524,0.381,0.149
29,-0.019,-0.031,-0.013,0.019,0.075,0.087,0.131,0.338,0.35,0.487,0.519,0.431,0.381,0.475,0.731,0.675,0.444,0.425,0.487,0.344,0.112
30,0,0,0,0.0092509,0.0057343,0.067494,0.24468,0.32148,0.40678,0.38959,0.46028,0.58597,0.53357,0.60778,0.67921,0.67506,0.72515,0.69015,0.73939,0.72012,0.69197
30,0,0,0,0,0,0,0.062109,0.17891,0.25858,0.38326,0.43509,0.40401,0.56241,0.5123,0.47136,0.55762,0.58558,0.65501,0.64335,0.60975,0.56635
30,0.075,0.119,0.156,0.194,0.181,0.237,0.45,0.469,0.531,0.512,0.575,0.669,0.6,0.65,0.687,0.681,0.681,0.637,0.644,0.625,0.6
30,0.025,0.069,0.106,0.144,0.125,0.181,0.4,0.419,0.481,0.456,0.519,0.619,0.544,0.594,0.631,0.625,0.625,0.581,0.594,0.575,0.55
30,0.007,0.025,0.031,0.106,0.107,0.143,0.163,0.256,0.412,0.469,0.488,0.468,0.619,0.569,0.506,0.531,0.544,0.5,0.531,0.463,0.244
30,-0.037,-0.019,-0.019,0.056,0.063,0.087,0.113,0.206,0.362,0.419,0.438,0.412,0.569,0.519,0.456,0.475,0.494,0.456,0.481,0.413,0.194
31,0,0,0.014144,0,0,0.093962,0.21063,0.21411,0.41971,0.47535,0.52497,0.5677,0.57336,0.60087,0.61923,0.62812,0.62741,0.61711,0.6093,0.61884,0.59562
31,0,0,0,0,0.020743,0.01736,0.012672,0.068865,0.14378,0.34977,0.23989,0.34904,0.41805,0.35043,0.44754,0.39008,0.45607,0.5408,0.52455,0.42961,0.39888
31,0.056,0.118,0.169,0.144,0.113,0.15,0.231,0.168,0.581,0.625,0.65,0.681,0.681,0.656,0.669,0.656,0.625,0.587,0.563,0.532,0.481
31,-0.119,-0.057,-0.006,-0.006,-0.037,-0,0.081,0.018,0.406,0.45,0.475,0.506,0.506,0.481,0.494,0.481,0.45,0.412,0.388,0.382,0.362
31,0.007,0.025,0.044,0.05,0.1,0.095,0.138,0.163,0.193,0.488,0.381,0.475,0.594,0.412,0.488,0.425,0.456,0.456,0.4,0.313,0.212
31,-0.106,-0.094,-0.075,-0.063,-0.031,-0.018,-0.037,-0.012,0.018,0.369,0.2,0.3,0.419,0.237,0.313,0.25,0.281,0.337,0.281,0.138,0.037
32,0.55829,0.61263,0.66752,0.68364,0.72368,0.75609,0.77371,0.77236,0.69599,0.68684,0.66057,0.63482,0.56369,0.4881,0.44249,0.35057,0.28001,0.17149,0.12056,0.045444,0
32,0.25208,0.32739,0.42555,0.63409,0.67048,0.65493,0.55918,0.55044,0.55431,0.53488,0.4736,0.46368,0.41312,0.32634,0.26055,0.23591,0.22518,0.059532,0.028078,0,0
32,0.162,0.225,0.343,0.438,0.519,0.562,0.625,0.681,0.65,0.668,0.699,0.699,0.693,0.637,0.618,0.568,0.543,0.443,0.381,0.318,0.268
32,0.125,0.188,0.306,0.425,0.506,0.525,0.588,0.644,0.619,0.631,0.662,0.662,0.662,0.6,0.581,0.531,0.512,0.406,0.35,0.287,0.237
32,-0.006,-0,0.063,0.293,0.406,0.462,0.413,0.444,0.494,0.519,0.525,0.557,0.538,0.494,0.451,0.475,0.512,0.319,0.325,0.274,0.081
32,-0.031,-0.025,0.05,0.256,0.369,0.431,0.4,0.431,0.481,0.506,0.512,0.544,0.525,0.481,0.438,0.444,0.481,0.306,0.294,0.237,0.05
33,0.16854,0.24351,0.30583,0.37082,0.37776,0.43987,0.48586,0.57858,0.60843,0.61362,0.64182,0.64047,0.63197,0.61085,0.58356,0.53283,0.51957,0.45782,0.44121,0.34701,0.2799
33,0,0.18639,0.19807,0.33322,0.33478,0.35938,0.43995,0.55164,0.52198,0.58557,0.493,0.56243,0.54269,0.55049,0.56448,0.5267,0.47276,0.34188,0.35754,0.28736,0.19703
33,0.187,0.268,0.343,0.425,0.432,0.469,0.519,0.593,0.587,0.607,0.662,0.593,0.606,0.606,0.556,0.494,0.456,0.381,0.338,0.225,0.143
33,0.131,0.212,0.287,0.369,0.369,0.406,0.456,0.537,0.531,0.544,0.606,0.537,0.55,0.55,0.5,0.438,0.381,0.325,0.275,0.169,0.087
33,0.006,0.181,0.212,0.362,0.356,0.375,0.456,0.581,0.519,0.6,0.468,0.537,0.525,0.506,0.5,0.475,0.418,0.244,0.231,0.156,0.087
33,-0.05,0.125,0.156,0.306,0.3,0.319,0.4,0.525,0.463,0.544,0.412,0.481,0.469,0.45,0.444,0.419,0.362,0.188,0.175,0.1,0.031
34,0.066888,0.11857,0.13743,0.18928,0.2353,0.23655,0.26842,0.31529,0.37984,0.3819,0.42211,0.42315,0.42607,0.4119,0.3997,0.41208,0.34489,0.32243,0.28889,0.25289,0.26332
34,0.013668,0.066802,0.077776,0.16801,0.21488,0.18806,0.24692,0.33105,0.27404,0.28189,0.31011,0.31556,0.33924,0.32722,0.33079,0.29898,0.27702,0.28067,0.21679,0.17233,0.13572
34,0.156,0.219,0.269,0.293,0.325,0.306,0.344,0.356,0.387,0.387,0.431,0.406,0.412,0.375,0.375,0.331,0.25,0.206,0.168,0.112,0.131
34,0.075,0.138,0.188,0.212,0.244,0.225,0.269,0.275,0.306,0.306,0.35,0.325,0.331,0.294,0.294,0.25,0.175,0.125,0.087,0.037,0.05
34,0.031,0.138,0.144,0.275,0.3,0.269,0.331,0.4,0.318,0.3,0.312,0.312,0.306,0.281,0.275,0.244,0.194,0.175,0.087,0.025,-0
34,-0.05,0.057,0.069,0.194,0.219,0.194,0.25,0.319,0.237,0.219,0.231,0.231,0.225,0.2,0.194,0.163,0.113,0.1,0.006,-0.056,-0.081
35,0.26252,0.33991,0.41226,0.45279,0.46364,0.52053,0.57454,0.59814,0.63699,0.6377,0.63055,0.61781,0.58857,0.58819,0.51359,0.48123,0.39731,0.38684,0.29502,0.24037,0.13893
35,0.11892,0.22237,0.29133,0.43616,0.49128,0.53807,0.57575,0.55152,0.6213,0.54835,0.55008,0.50774,0.52317,0.46982,0.43011,0.4057,0.33774,0.32327,0.25331,0.17911,0.099576
35,0.118,0.243,0.312,0.362,0.382,0.438,0.518,0.544,0.637,0.625,0.612,0.593,0.588,0.619,0.556,0.543,0.437,0.463,0.356,0.319,0.206
35,0.087,0.212,0.275,0.331,0.338,0.394,0.487,0.5,0.6,0.581,0.581,0.556,0.544,0.575,0.519,0.512,0.4,0.4,0.325,0.275,0.175
35,-0.012,-0.007,0.025,0.331,0.388,0.469,0.525,0.519,0.613,0.519,0.563,0.493,0.519,0.5,0.449,0.444,0.394,0.357,0.288,0.244,0.075
35,-0.056,-0.044,-0.019,0.287,0.344,0.425,0.481,0.475,0.569,0.475,0.519,0.456,0.475,0.463,0.412,0.4,0.35,0.313,0.244,0.2,0.031
36,1.1569,1.1976,1.3253,1.1511,1.3298,1.3241,1.3504,1.2203,1.2716,1.1358,1.0504,1.1591,0.87899,0.66185,0.6054,0.47843,0.39063,0.21674,0.082871,0.10794,0
36,0.53922,1.0679,1.1449,1.2028,1.2405,1.2048,1.2531,1.0106,1.1819,0.91023,0.74982,0.73621,0.59643,0.62766,0.31167,0.24752,0.017917,0,0,0,0
36,0.825,0.882,1.1,0.956,1.238,1.169,1.338,1.175,1.325,1.219,1.175,1.275,1.113,0.844,0.881,0.844,0.706,0.475,0.406,0.363,0.188
36,0.775,0.863,1.05,0.925,1.188,1.125,1.288,1.144,1.275,1.175,1.131,1.244,1.063,0.813,0.831,0.813,0.656,0.425,0.356,0.338,0.138
36,-0.112,0.575,0.869,0.982,1.119,1.1,1.207,0.969,1.219,0.994,0.825,0.918,0.756,0.857,0.594,0.575,0.262,0.225,0.238,0.163,0.088
36,-0.156,0.531,0.825,0.938,1.075,1.056,1.163,0.938,1.175,0.963,0.794,0.887,0.725,0.813,0.563,0.544,0.231,0.194,0.225,0.119,0.044
37,0.097654,0.27597,0.34129,0.37268,0.42598,0.52879,0.55181,0.61837,0.65304,0.68935,0.69642,0.70277,0.67687,0.66762,0.62626,0.57978,0.58412,0.55945,0.47166,0.39332,0.25711
37,0.010227,0.039887,0.27555,0.35225,0.42309,0.48685,0.54242,0.58886,0.52437,0.54684,0.63468,0.58102,0.63473,0.57275,0.59016,0.55198,0.50403,0.40802,0.38226,0.31604,0.19983
37,0.044,0.269,0.369,0.444,0.494,0.556,0.606,0.631,0.637,0.688,0.662,0.656,0.637,0.625,0.562,0.537,0.537,0.475,0.369,0.281,0.137
37,0.019,0.25,0.35,0.419,0.469,0.55,0.581,0.625,0.631,0.669,0.656,0.637,0.631,0.619,0.556,0.531,0.512,0.45,0.344,0.256,0.131
37,-0,-0,0.293,0.381,0.462,0.512,0.575,0.619,0.562,0.557,0.644,0.557,0.619,0.557,0.544,0.494,0.451,0.332,0.288,0.207,0.094
37,-0.013,-0.025,0.287,0.375,0.456,0.506,0.569,0.613,0.537,0.544,0.631,0.544,0.606,0.544,0.531,0.481,0.438,0.319,0.275,0.194,0.081
39,0.078967,0.30442,0.37453,0.41247,0.48781,0.51837,0.51681,0.60855,0.57772,0.62866,0.64875,0.60273,0.5997,0.61379,0.50913,0.51121,0.46767,0.37613,0.29716,0.21057,0.15561
39,0.010564,0.085461,0.14799,0.20775,0.26242,0.32248,0.457,0.47275,0.41752,0.4754,0.48566,0.54843,0.53702,0.42261,0.38744,0.36497,0.31103,0.26045,0.19961,0.13541,0.077936
39,-0.012,0.175,0.282,0.319,0.45,0.494,0.488,0.594,0.55,0.588,0.607,0.613,0.569,0.475,0.119,0.163,0.15,0.094,0.063,0.019,0.025
39,-0.025,0.156,0.263,0.3,0.431,0.475,0.469,0.575,0.531,0.569,0.588,0.594,0.556,0.456,0.1,0.144,0.131,0.075,0.044,0.006,0.006
39,-0.006,-0.006,-0,-0.006,0.02,0.032,0.363,0.432,0.382,0.463,0.476,0.494,0.381,0.076,0.057,0.057,0.032,0.02,-0,-0.006,-0.012
39,-0.019,-0.019,-0.013,-0.019,0.007,0.019,0.344,0.419,0.369,0.45,0.463,0.475,0.362,0.063,0.044,0.044,0.019,0.007,-0.013,-0.019,-0.025
40,0,0,0,0.26052,0.68361,0.7174,0.84744,1.1746,1.3259,1.4167,1.6995,1.761,1.8551,1.8558,2.0746,1.7085,1.7025,2.0244,1.7994,1.5043,1.6461
40,0,0,0,0.063545,0.086716,0.014219,0.53958,0.47137,0.99965,0.88321,1.0856,1.1755,1.2035,1.4123,1.6948,1.7118,1.3274,1.6539,1.1478,1.4066,1.2832
40,0.35,0.438,0.481,0.731,1.213,1.2,1.525,1.606,1.869,1.825,2.069,2.037,2.075,2.088,2.1,1.644,1.663,1.813,1.456,1.051,1.119
40,0.244,0.344,0.406,0.656,1.119,1.125,1.45,1.531,1.794,1.75,1.988,1.962,2,2.013,2.025,1.581,1.6,1.738,1.381,0.988,1.044
40,0.019,0.294,0.381,0.538,0.644,0.625,1.162,1.007,1.631,1.357,1.5,1.55,1.644,1.55,1.769,1.7,1.175,1.419,0.706,0.813,0.55
40,-0.056,0.219,0.306,0.463,0.569,0.556,1.087,0.938,1.556,1.288,1.431,1.481,1.575,1.481,1.694,1.625,1.106,1.344,0.637,0.75,0.487
41,0,0,0.032065,0.078337,0.00030958,0.071354,0.21524,0.20857,0.27239,0.33153,0.38497,0.43181,0.47124,0.50259,0.52531,0.53901,0.51922,0.62575,0.59728,0.53693,0.50656
41,0,0,0,0,0,0,0.058737,0.18332,0.17239,0.26486,0.28127,0.326,0.36142,0.41071,0.40697,0.51806,0.42936,0.48675,0.51497,0.49706,0.33701
41,0.05,0.081,0.131,0.212,0.163,0.257,0.431,0.419,0.476,0.519,0.538,0.582,0.594,0.594,0.594,0.582,0.55,0.582,0.537,0.425,0.381
41,-0.081,-0.05,0.006,0.081,0.15,0.244,0.287,0.406,0.463,0.506,0.525,0.569,0.581,0.581,0.581,0.569,0.419,0.438,0.412,0.294,0.25
41,0.006,-0,-0,0.075,0.131,0.143,0.244,0.369,0.368,0.431,0.444,0.494,0.487,0.5,0.463,0.556,0.4,0.431,0.388,0.281,0.012
41,-0.125,-0.125,-0.131,-0.063,-0,0.018,0.119,0.238,0.237,0.306,0.306,0.356,0.362,0.375,0.338,0.425,0.275,0.3,0.257,0.15,-0.113
42,0.018477,0.0119,0.14172,0.20894,0.23765,0.37306,0.3605,0.40189,0.45849,0.51425,0.56159,0.60591,0.63372,0.6712,0.67012,0.60517,0.59409,0.61315,0.57776,0.52682,0.39021
42,0,0.012502,0.011388,0.089271,0.22187,0.32086,0.28815,0.30439,0.41844,0.46417,0.48538,0.51433,0.52199,0.46419,0.46099,0.46021,0.53772,0.40582,0.36752,0.31458,0.28084
42,0.225,0.219,0.382,0.494,0.494,0.613,0.581,0.587,0.6,0.625,0.618,0.612,0.6,0.587,0.524,0.431,0.381,0.406,0.287,0.181,0.038
42,0.181,0.182,0.338,0.45,0.457,0.569,0.544,0.55,0.563,0.588,0.581,0.575,0.563,0.556,0.487,0.394,0.344,0.369,0.25,0.144,-0.006
42,0.037,0.125,0.219,0.325,0.469,0.544,0.488,0.5,0.569,0.575,0.587,0.556,0.513,0.425,0.356,0.313,0.344,0.169,0.1,0.031,0.019
42,-0.013,0.075,0.175,0.281,0.419,0.494,0.438,0.45,0.525,0.531,0.537,0.506,0.463,0.375,0.306,0.263,0.3,0.119,0.05,-0.019,-0.031
43,0.11689,0.42294,0.4732,0.60855,0.56411,0.6379,0.7092,0.76904,0.895,0.85042,0.87057,0.92404,0.86803,0.85616,0.82034,0.77976,0.66792,0.63746,0.55485,0.44897,0.42662
43,0,0.093899,0.20988,0.3602,0.46782,0.58014,0.58278,0.54282,0.58436,0.6409,0.61792,0.7304,0.65134,0.68772,0.75362,0.53339,0.44956,0.4675,0.33226,0.19833,0.15966
43,-0.038,0.313,0.413,0.538,0.512,0.631,0.718,0.787,0.882,0.812,0.862,0.887,0.843,0.837,0.831,0.781,0.693,0.65,0.512,0.368,0.3
43,-0.094,0.25,0.338,0.475,0.431,0.55,0.637,0.706,0.819,0.731,0.781,0.831,0.762,0.756,0.75,0.725,0.637,0.569,0.431,0.287,0.219
43,-0,-0.019,0.037,0.256,0.406,0.568,0.569,0.525,0.569,0.644,0.581,0.694,0.638,0.625,0.769,0.525,0.394,0.413,0.169,0.013,0.044
43,-0.044,-0.063,-0.007,0.212,0.362,0.512,0.525,0.481,0.525,0.6,0.537,0.65,0.594,0.581,0.713,0.481,0.35,0.369,0.125,-0.031,-0
44,0.61428,1.0728,1.1283,1.3973,1.7373,1.6927,1.8705,2.1339,2.2387,2.284,2.3044,2.2805,2.2219,2.1936,2.0051,1.8507,1.6574,1.4629,1.2362,0.99267,0.92935
44,0.21148,0.87615,0.93795,1.1821,1.586,1.5358,1.9325,1.7141,1.8479,1.9169,1.8864,2.1993,1.9381,1.8613,1.5518,1.7296,1.5021,1.3275,1.09,0.83357,0.56279
44,0.457,0.931,1.007,1.25,1.625,1.575,1.769,2.081,2.193,2.244,2.256,2.25,2.206,2.213,2.075,1.937,1.769,1.569,1.362,1.1,1.094
44,0.388,0.85,0.938,1.181,1.544,1.5,1.694,1.994,2.112,2.163,2.175,2.169,2.125,2.144,1.994,1.856,1.688,1.488,1.281,1.019,1.025
44,-0.025,0.538,0.531,0.788,1.344,1.319,1.763,1.538,1.707,1.925,1.75,2.144,1.869,1.775,1.519,1.65,1.513,1.444,1.182,0.831,0.569
44,-0.094,0.463,0.456,0.713,1.269,1.256,1.688,1.469,1.638,1.856,1.681,2.069,1.8,1.706,1.45,1.581,1.438,1.375,1.113,0.762,0.5
45,0.57179,0.80783,1.0394,1.2546,1.4541,1.6342,1.7935,1.9256,2.0092,2.1049,2.149,2.164,2.1463,2.0974,2.0181,1.9097,1.7742,1.6138,1.4147,1.2111,1.1315
45,0.56492,0.76157,1.0139,1.2455,1.4372,1.5153,1.7794,1.8693,1.977,2.0538,2.0984,2.11,2.0885,2.0342,1.948,1.8018,1.7129,1.5436,1.3072,1.1928,0.97173
45,0.775,1.062,1.299,1.575,1.693,1.825,1.881,1.956,2.087,2.137,2.031,2.068,1.993,1.9,1.799,1.656,1.481,1.275,1.037,0.831,0.656
45,0.688,0.975,1.212,1.488,1.606,1.738,1.794,1.869,2,2.05,1.944,1.981,1.906,1.813,1.712,1.569,1.394,1.188,0.95,0.744,0.569
45,0.843,1.025,1.275,1.556,1.662,1.706,1.868,2,2.081,2.106,2.068,2.037,1.956,1.856,1.737,1.543,1.431,1.168,0.9,0.724,0.525
45,0.756,0.938,1.188,1.469,1.575,1.619,1.781,1.913,1.994,2.019,1.981,1.95,1.869,1.769,1.65,1.456,1.344,1.081,0.813,0.637,0.438
46,0.060074,0.16272,0.16743,0.20657,0.25298,0.33985,0.38146,0.39593,0.41262,0.42281,0.43496,0.42309,0.43031,0.41287,0.38873,0.3788,0.35215,0.31202,0.26226,0.24166,0.19622
46,0,0.053381,0.091414,0.23083,0.2377,0.26614,0.34577,0.32519,0.38886,0.30516,0.30527,0.30374,0.29858,0.29425,0.26479,0.24406,0.2255,0.17874,0.14104,0.11338,0.066688
46,-0.019,0.075,0.106,0.175,0.262,0.331,0.368,0.388,0.406,0.419,0.4,0.406,0.418,0.375,0.394,0.374,0.362,0.287,0.231,0.237,0.181
46,-0.1,-0,0.025,0.094,0.181,0.256,0.287,0.313,0.331,0.344,0.319,0.331,0.331,0.294,0.313,0.287,0.275,0.206,0.144,0.15,0.094
46,-0.013,-0.007,-0,0.162,0.263,0.256,0.344,0.306,0.375,0.293,0.325,0.319,0.287,0.306,0.263,0.244,0.231,0.156,0.094,0.063,0.006
46,-0.063,-0.063,-0.05,0.087,0.188,0.181,0.269,0.225,0.3,0.237,0.275,0.269,0.237,0.256,0.206,0.194,0.181,0.106,0.044,0.013,-0.044
47,0,0,0.19454,0.16585,0.50858,0.38907,0.75105,0.76923,1.1385,1.2903,1.1823,1.5391,1.6193,1.6623,1.6543,1.7664,1.78,1.7411,1.652,1.6033,1.3692
47,0,0,0,0.12067,0.3245,0.52327,0.58915,0.76956,0.61287,0.85612,0.98062,0.97829,0.98771,1.0473,1.2833,1.2965,1.1214,1.0363,1.2734,1.0376,0.98498
47,0.375,0.5,0.744,0.781,1.05,0.944,1.181,1.15,1.425,1.512,1.288,1.556,1.55,1.475,1.406,1.425,1.438,1.319,1.137,1.032,0.775
47,0.338,0.463,0.644,0.744,1.006,0.9,1.144,1.106,1.388,1.475,1.244,1.519,1.513,1.438,1.381,1.388,1.394,1.275,1.1,0.988,0.738
47,0.043,0.2,0.406,0.618,0.856,0.975,0.963,1.119,0.969,1.15,1.225,1.081,0.944,0.912,1.038,1.007,0.756,0.594,0.707,0.388,0.263
47,0.006,0.163,0.369,0.581,0.819,0.938,0.944,1.1,0.95,1.125,1.2,1.056,0.919,0.887,1.019,0.988,0.731,0.569,0.688,0.369,0.244
48,0.10015,0.21885,0.31454,0.35507,0.51608,0.58071,0.65235,0.71478,0.76693,0.8045,0.85381,0.86057,0.82649,0.84529,0.82785,0.791,0.71267,0.61564,0.62588,0.54756,0.46705
48,0,0.01489,0.23028,0.39365,0.32982,0.43874,0.55246,0.5674,0.61566,0.66565,0.59192,0.73073,0.61851,0.65462,0.6265,0.58617,0.48562,0.53524,0.4769,0.38152,0.19425
48,0.107,0.301,0.4,0.45,0.612,0.682,0.763,0.813,0.813,0.819,0.844,0.819,0.794,0.788,0.769,0.7,0.613,0.494,0.488,0.4,0.281
48,-0.012,0.182,0.281,0.331,0.512,0.563,0.644,0.694,0.694,0.7,0.694,0.669,0.675,0.669,0.65,0.581,0.494,0.375,0.369,0.281,0.181
48,-0.082,-0.113,0.163,0.406,0.231,0.456,0.557,0.626,0.682,0.757,0.601,0.682,0.513,0.607,0.551,0.488,0.251,0.375,0.294,0.182,-0
48,-0.138,-0.188,-0,0.25,0.175,0.293,0.419,0.463,0.519,0.594,0.438,0.544,0.45,0.444,0.388,0.325,0.188,0.237,0.131,0.044,-0.163
49,0.16252,0.32703,0.39284,0.4713,0.4605,0.57438,0.62808,0.65908,0.68609,0.69842,0.70715,0.70083,0.70877,0.65505,0.6248,0.57417,0.52085,0.49533,0.38185,0.38725,0.2307
49,0.013806,0.10296,0.3306,0.40443,0.34708,0.44812,0.58088,0.49307,0.54669,0.59503,0.53392,0.51675,0.58453,0.48505,0.51124,0.48976,0.43843,0.37892,0.34136,0.27703,0.18742
49,0.1,0.262,0.331,0.475,0.419,0.55,0.594,0.625,0.668,0.662,0.693,0.656,0.7,0.644,0.612,0.568,0.512,0.525,0.393,0.393,0.206
49,0.069,0.231,0.3,0.444,0.388,0.519,0.563,0.594,0.637,0.631,0.662,0.625,0.669,0.613,0.581,0.537,0.481,0.494,0.362,0.362,0.175
49,-0.006,-0,0.237,0.356,0.3,0.419,0.575,0.469,0.531,0.612,0.537,0.519,0.581,0.475,0.512,0.5,0.443,0.356,0.337,0.256,0.187
49,-0.031,-0.025,0.206,0.325,0.275,0.388,0.544,0.444,0.506,0.581,0.512,0.494,0.55,0.45,0.481,0.469,0.412,0.325,0.306,0.225,0.156
50,0,0.033794,0,0.1836,0.2653,0.5435,0.66917,0.68861,0.88395,0.88607,1.0039,1.084,1.1492,1.1984,1.2306,1.2314,1.2466,1.2198,1.1838,1.1292,1.0619
50,0,0,0,0,0.058113,0.011503,0.19052,0.25852,0.7276,0.83071,0.91993,0.99373,0.91589,1.0903,1.1114,1.0928,1.0777,1.044,0.97356,0.90613,0.76995
50,0.425,0.519,0.488,0.763,0.8,0.919,0.988,0.95,1.119,1.075,1.156,1.194,1.163,1.138,1.125,1.081,1.006,0.9,0.8,0.731,0.682
50,0.275,0.369,0.338,0.669,0.65,0.769,0.838,0.831,0.969,0.925,1.056,1.094,1.063,1.038,1.025,0.931,0.856,0.75,0.7,0.606,0.588
50,0.081,0.244,0.231,0.162,0.131,0.069,0.187,0.143,0.687,0.781,0.869,0.963,0.706,0.894,0.869,0.7,0.606,0.494,0.463,0.481,0.256
50,-0.069,0.094,0.081,0.087,0.056,-0.037,0.037,0.037,0.537,0.631,0.719,0.813,0.631,0.744,0.719,0.55,0.456,0.344,0.313,0.331,0.175
51,0.35107,0.46683,0.49226,0.54884,0.56251,0.60355,0.61388,0.61011,0.58173,0.61395,0.56853,0.54454,0.50372,0.45471,0.39836,0.42516,0.26762,0.19546,0.14299,0.066825,0
51,0.18421,0.25044,0.29627,0.50645,0.45565,0.41677,0.59038,0.50482,0.53927,0.43223,0.41578,0.39294,0.35623,0.318,0.31298,0.24446,0.1632,0.12753,0.057249,0,0
51,0.05,0.213,0.225,0.332,0.375,0.419,0.5,0.5,0.525,0.6,0.606,0.65,0.588,0.582,0.55,0.606,0.438,0.394,0.356,0.231,0.169
51,0.019,0.194,0.188,0.313,0.356,0.4,0.481,0.469,0.494,0.581,0.575,0.631,0.569,0.563,0.531,0.575,0.419,0.375,0.325,0.2,0.138
51,-0,-0.006,-0.006,0.282,0.288,0.275,0.469,0.469,0.519,0.475,0.482,0.488,0.519,0.444,0.5,0.444,0.381,0.344,0.231,0.181,0.05
51,-0.019,-0.025,-0.025,0.263,0.263,0.256,0.45,0.444,0.5,0.456,0.463,0.469,0.5,0.425,0.481,0.419,0.362,0.325,0.212,0.156,0.025
52,0,0,0.14659,0.3043,0.42734,0.60864,0.73385,0.89317,1.0201,1.1346,1.2348,1.3189,1.3821,1.4304,1.4656,1.4655,1.4679,1.4201,1.3916,1.3074,1.2318
52,0,0,0.1274,0.28421,0.44049,0.58074,0.64865,0.79267,0.9256,1.0452,1.1493,1.2363,1.3046,1.353,1.3808,1.3875,1.3729,1.3373,1.2814,1.2061,1.158
52,0.175,0.25,0.331,0.531,0.55,0.856,1.031,1.175,1.225,1.268,1.331,1.381,1.344,1.375,1.444,1.35,1.25,1.125,1.044,0.887,0.712
52,0.119,0.194,0.275,0.475,0.494,0.8,0.975,1.119,1.169,1.212,1.275,1.325,1.288,1.319,1.388,1.294,1.194,1.069,0.988,0.831,0.656
52,0.187,0.25,0.437,0.568,0.737,0.744,1.025,1.144,1.244,1.319,1.381,1.375,1.413,1.375,1.344,1.288,1.181,1.088,0.95,0.8,0.675
52,0.131,0.194,0.381,0.512,0.681,0.688,0.975,1.094,1.194,1.269,1.331,1.325,1.363,1.325,1.294,1.238,1.131,1.038,0.9,0.75,0.625
53,0,0,0,0.050551,0.27038,0.46655,0.17894,0.92042,0.85909,1.2328,0.99647,1.4079,1.7593,1.5606,1.7417,1.9913,2.0183,1.6535,1.9698,1.9156,1.8823
53,0,0,0,0,0,0.00080887,0.060352,0.36833,0.67675,0.47979,1.1145,1.2818,1.0582,1.1809,1.6375,1.4192,1.5296,1.3328,1.7084,1.6506,1.3757
53,0.181,0.306,0.381,0.593,0.681,1,0.638,1.381,1.306,1.656,1.275,1.656,1.875,1.788,1.838,1.912,1.881,1.457,1.681,1.525,1.394
53,0.094,0.219,0.306,0.506,0.594,0.925,0.544,1.294,1.225,1.569,1.181,1.575,1.788,1.694,1.744,1.825,1.794,1.363,1.594,1.438,1.319
53,0.006,-0.007,0.075,0.099,0.188,0.343,0.499,0.843,1.025,0.9,1.418,1.55,1.181,1.306,1.65,1.393,1.444,1.144,1.362,1.081,0.663
53,-0.081,-0.094,-0.006,0.012,0.094,0.256,0.412,0.756,0.938,0.806,1.337,1.469,1.094,1.219,1.569,1.306,1.35,1.05,1.281,1,0.569
54,0.21206,0.37732,0.4455,0.51753,0.54524,0.54919,0.65265,0.68372,0.70395,0.713,0.71072,0.69714,0.68084,0.63723,0.59833,0.53737,0.48195,0.48676,0.37639,0.26293,0.17425
54,0.062199,0.14819,0.21458,0.36632,0.42957,0.48465,0.53056,0.54562,0.63834,0.552,0.51993,0.59256,0.5752,0.53704,0.55076,0.46013,0.40298,0.3306,0.29469,0.21429,0.13004
54,0.038,0.213,0.312,0.425,0.425,0.45,0.594,0.644,0.675,0.687,0.694,0.706,0.713,0.669,0.65,0.594,0.569,0.594,0.469,0.325,0.237
54,0.013,0.188,0.287,0.4,0.406,0.425,0.569,0.619,0.65,0.662,0.669,0.681,0.688,0.644,0.625,0.569,0.544,0.569,0.444,0.3,0.212
54,-0,0.006,-0.006,0.169,0.312,0.394,0.456,0.475,0.613,0.544,0.525,0.606,0.606,0.569,0.6,0.531,0.481,0.4,0.35,0.281,0.131
54,-0.031,-0.025,-0.037,0.144,0.287,0.369,0.431,0.45,0.588,0.519,0.494,0.581,0.581,0.544,0.575,0.506,0.456,0.375,0.325,0.256,0.106
55,0.049822,0.26114,0.33171,0.35604,0.45954,0.4744,0.53667,0.55458,0.57927,0.63408,0.65693,0.64029,0.64459,0.64273,0.59156,0.55898,0.54042,0.51872,0.4642,0.37303,0.27232
55,0,0.048282,0.11487,0.33217,0.37453,0.40145,0.45598,0.3924,0.49783,0.52535,0.54296,0.55036,0.52732,0.54061,0.46673,0.5355,0.42784,0.37806,0.25872,0.29442,0.22144
55,-0.013,0.181,0.3,0.356,0.487,0.549,0.537,0.556,0.574,0.618,0.65,0.612,0.6,0.594,0.556,0.5,0.5,0.481,0.381,0.262,0.124
55,-0.05,0.15,0.269,0.319,0.456,0.512,0.506,0.519,0.537,0.581,0.619,0.575,0.569,0.563,0.525,0.463,0.469,0.444,0.344,0.225,0.087
55,-0,0.006,-0,0.194,0.325,0.387,0.449,0.387,0.518,0.525,0.525,0.531,0.506,0.537,0.412,0.481,0.356,0.312,0.181,0.187,0.094
55,-0.031,-0.019,-0.025,0.163,0.294,0.35,0.412,0.356,0.487,0.494,0.494,0.5,0.475,0.5,0.381,0.45,0.325,0.281,0.15,0.156,0.063
56,0,0,0.09133,0.065285,0.07903,0.22364,0.26046,0.28597,0.43881,0.45377,0.50198,0.51727,0.60429,0.64652,0.60717,0.66898,0.6619,0.69931,0.61034,0.66896,0.57917
56,0,0,0,0,0.10549,0.18644,0.1361,0.22009,0.28826,0.28344,0.33837,0.4507,0.37118,0.40355,0.43977,0.44636,0.45101,0.40675,0.47921,0.52002,0.47475
56,0.082,0.131,0.256,0.288,0.3,0.444,0.5,0.519,0.663,0.625,0.606,0.618,0.7,0.694,0.612,0.631,0.587,0.594,0.512,0.506,0.388
56,-0.018,0.031,0.156,0.157,0.169,0.313,0.369,0.388,0.563,0.494,0.475,0.487,0.569,0.563,0.481,0.5,0.487,0.463,0.381,0.375,0.257
56,0.031,0.037,0.081,0.031,0.25,0.413,0.369,0.463,0.525,0.512,0.544,0.637,0.531,0.506,0.518,0.406,0.444,0.344,0.363,0.35,0.231
56,-0.075,-0.069,-0.025,-0.075,0.15,0.313,0.263,0.356,0.412,0.406,0.438,0.531,0.431,0.406,0.412,0.306,0.338,0.244,0.257,0.244,0.125
57,1.2102,1.8865,2.0406,2.1621,2.1593,2.202,2.3149,2.3126,2.2325,2.1369,2.0069,1.8697,1.7446,1.5056,1.2849,1.064,0.86872,0.60139,0.51967,0,0.1404
57,0.82665,1.1382,1.3035,1.9413,2.0542,1.6721,1.8829,1.7297,1.6695,1.6477,1.5557,1.2925,1.1463,1.1315,0.77688,0.82804,0.37016,0.25407,0.056972,0,0
57,-0.025,0.838,1.244,1.431,1.531,1.687,1.943,2.075,2.093,2.093,2.1,2.15,2.093,2.006,1.962,1.862,1.7,1.468,1.394,0.932,0.9
57,-0.125,0.744,1.15,1.337,1.444,1.6,1.856,1.988,2.006,2.006,2.013,2.063,2.006,1.919,1.875,1.775,1.613,1.381,1.294,0.832,0.8
57,-0.019,-0.163,0.068,0.937,1.343,1.181,1.531,1.562,1.693,1.806,1.812,1.681,1.681,1.781,1.481,1.612,1.306,1.2,0.993,0.793,0.537
57,-0.106,-0.25,-0.019,0.85,1.256,1.094,1.444,1.475,1.606,1.719,1.725,1.594,1.594,1.694,1.394,1.525,1.219,1.113,0.906,0.706,0.45
58,0,0,0,0.069556,0.071554,0.14566,0.21884,0.30686,0.29909,0.42048,0.47068,0.54142,0.59425,0.59028,0.60462,0.66004,0.62828,0.62526,0.63564,0.62688,0.5965
58,0,0,0,0,0,0.014317,0.11368,0.15667,0.21232,0.2516,0.40569,0.34932,0.49339,0.42911,0.44977,0.55743,0.39819,0.55089,0.55539,0.52659,0.38934
58,0.031,0.025,0.056,0.163,0.137,0.219,0.3,0.4,0.425,0.513,0.531,0.588,0.644,0.612,0.594,0.638,0.557,0.475,0.407,0.382,0.369
58,-0.069,-0.075,-0.063,0.044,0.018,0.1,0.181,0.281,0.306,0.394,0.412,0.469,0.525,0.506,0.475,0.519,0.438,0.356,0.307,0.263,0.25
58,-0,-0,-0.025,-0.062,0.013,0.044,0.131,0.157,0.244,0.307,0.487,0.369,0.494,0.444,0.4,0.587,0.338,0.437,0.394,0.056,-0.162
58,-0.094,-0.106,-0.119,-0.156,-0.081,-0.05,0.044,0.063,0.131,0.194,0.381,0.263,0.388,0.331,0.287,0.481,0.225,0.331,0.288,-0.05,-0.275
59,0.17536,0.23326,0.34425,0.40579,0.5053,0.48355,0.55734,0.63343,0.65208,0.67153,0.66339,0.67447,0.65363,0.62656,0.58157,0.52446,0.4898,0.49367,0.36055,0.35771,0.19042
59,0.01916,0.10165,0.31576,0.32618,0.36416,0.39566,0.50849,0.43215,0.52809,0.49581,0.50439,0.49061,0.52184,0.46011,0.46716,0.44985,0.39509,0.31835,0.26262,0.25099,0.18128
59,0.093,0.174,0.288,0.4,0.45,0.431,0.543,0.625,0.618,0.637,0.669,0.681,0.644,0.625,0.606,0.55,0.506,0.499,0.375,0.381,0.181
59,0.006,0.087,0.194,0.306,0.369,0.344,0.456,0.544,0.537,0.556,0.588,0.6,0.563,0.544,0.525,0.469,0.425,0.412,0.294,0.294,0.1
59,-0.006,0.006,0.212,0.225,0.294,0.319,0.456,0.419,0.5,0.494,0.506,0.481,0.538,0.463,0.481,0.45,0.388,0.306,0.244,0.244,0.156
59,-0.081,-0.069,0.131,0.156,0.219,0.244,0.381,0.344,0.425,0.419,0.431,0.406,0.463,0.388,0.406,0.375,0.313,0.231,0.169,0.163,0.087
60,0.13649,0.22527,0.32349,0.39904,0.54169,0.51981,0.60917,0.69747,0.70145,0.74653,0.75792,0.77053,0.72425,0.7248,0.65973,0.6495,0.59547,0.53169,0.47769,0.40195,0.34123
60,0.017116,0.11271,0.35506,0.43584,0.44136,0.50825,0.45418,0.61319,0.64763,0.67395,0.68633,0.68637,0.55587,0.6496,0.57526,0.56616,0.50861,0.44177,0.37739,0.23959,0.20971
60,0.038,0.049,0.132,0.275,0.506,0.487,0.618,0.669,0.731,0.738,0.7,0.725,0.687,0.637,0.681,0.618,0.631,0.512,0.425,0.294,0.294
60,-0.056,-0.038,0.038,0.188,0.425,0.4,0.531,0.575,0.644,0.644,0.619,0.65,0.6,0.55,0.594,0.531,0.544,0.425,0.35,0.219,0.2
60,-0.006,-0.012,0.2,0.331,0.306,0.475,0.344,0.606,0.581,0.605,0.568,0.656,0.437,0.606,0.512,0.518,0.462,0.381,0.181,0.069,-0.057
60,-0.081,-0.087,0.113,0.244,0.219,0.388,0.269,0.519,0.494,0.518,0.481,0.569,0.362,0.519,0.425,0.431,0.375,0.294,0.094,-0.012,-0.144
61,0,0,0,0,0.045182,0.16717,0.31891,0.51646,0.58725,0.69884,0.94004,0.9723,0.93399,1.1196,1.192,1.2142,1.0662,1.1173,1.0778,1.1369,1.0656
61,0,0,0,0.018347,0.012765,0.083504,0.10454,0.24558,0.45349,0.46762,0.52415,0.60473,0.73424,0.74107,0.77589,0.91242,0.90824,0.68975,0.80894,0.65848,0.57102
61,0.15,0.232,0.338,0.394,0.475,0.588,0.75,0.875,0.913,0.994,1.169,1.194,1.056,1.181,1.269,1.213,0.981,0.975,0.894,0.875,0.756
61,-0.087,0.007,0.113,0.194,0.275,0.388,0.55,0.675,0.713,0.794,0.981,0.969,0.856,0.956,1.081,1.025,0.781,0.775,0.669,0.7,0.581
61,0.025,0.175,0.282,0.45,0.431,0.544,0.532,0.644,0.919,0.875,0.894,0.938,1.025,0.957,0.944,0.981,0.863,0.563,0.563,0.244,0.056
61,-0.194,-0.05,0.057,0.225,0.231,0.325,0.313,0.425,0.7,0.656,0.675,0.719,0.806,0.738,0.725,0.762,0.644,0.344,0.344,0.025,-0.163
62,0.59955,0.78686,1.249,1.4468,1.5866,1.7679,1.9029,2.0112,2.0911,2.1226,2.1422,2.1306,2.1071,2.0349,1.9338,1.784,1.6298,1.4533,1.4048,1.0729,0.82136
62,0,0.045419,0.90808,1.1193,0.62052,0.78864,0.93551,1.0585,1.1554,1.2245,1.2647,1.2753,1.2122,1.2072,1.1297,1.0249,0.89469,0.7651,0.59079,0.39945,0.12208
62,0.475,0.669,1.15,1.238,1.438,1.6,1.775,1.85,1.963,1.95,1.938,1.982,1.957,1.857,1.663,1.713,1.525,1.469,1.306,0.963,0.713
62,0.431,0.625,1.106,1.194,1.394,1.556,1.731,1.806,1.919,1.906,1.894,1.938,1.913,1.813,1.619,1.669,1.481,1.425,1.269,0.919,0.669
62,-0,-0.019,0.75,0.938,0.512,0.668,0.812,0.943,1.069,1.168,1.225,1.25,1.243,1.175,1.056,0.943,0.831,0.743,0.606,0.281,0.006
62,-0.037,-0.05,0.706,0.894,0.481,0.637,0.781,0.912,1.038,1.137,1.194,1.219,1.212,1.144,1.025,0.912,0.8,0.712,0.575,0.25,-0.031
63,0,0.045395,0,0,0.12188,0.31405,0.47656,0.91636,0.84555,0.99757,1.4112,1.3501,1.4813,1.3492,1.7183,1.4477,1.6642,1.6416,1.4645,1.3891,1.2911
63,0,0,0,0.062338,0.12409,0.013924,0.32635,0.52331,0.68281,0.56124,0.79871,0.78869,0.88428,0.94867,0.99061,0.98239,0.97469,1.1609,0.92609,1.2168,0.73234
63,0.337,0.518,0.574,0.468,0.556,0.706,0.844,1.394,1.281,1.362,1.738,1.575,1.638,1.544,1.712,1.325,1.456,1.3,1.006,0.831,0.631
63,0.3,0.481,0.537,0.431,0.519,0.669,0.8,1.35,1.244,1.325,1.694,1.538,1.594,1.5,1.675,1.281,1.419,1.263,0.969,0.794,0.594
63,0.025,0.119,0.338,0.594,0.725,0.519,0.844,1.107,1.357,1,1.213,1.131,1.144,1.131,1.063,1.013,0.863,0.982,0.563,0.694,0.019
63,-0.019,0.075,0.294,0.55,0.681,0.475,0.8,1.063,1.313,0.956,1.169,1.087,1.1,1.087,1.019,0.969,0.819,0.938,0.519,0.65,-0.025
64,1.051,1.1674,1.2266,1.1258,1.2344,1.2931,1.2944,1.276,1.2383,1.1819,1.1077,0.95088,0.86324,0.89644,0.66301,0.49111,0.34784,0.19857,0.079207,0,0.033098
64,0.46517,0.97239,1.0539,1.1178,1.163,0.90878,0.86882,0.99198,0.96335,0.87291,0.76389,0.61211,0.47595,0.37159,0.39022,0.21708,0.0038695,0.098595,0,0,0
64,0.638,0.787,1,0.919,1.044,1.187,1.212,1.262,1.275,1.268,1.212,1.131,1.1,1.131,0.956,0.825,0.675,0.562,0.412,0.293,0.307
64,0.625,0.731,0.944,0.863,0.988,1.131,1.156,1.206,1.219,1.212,1.156,1.075,1.044,1.075,0.9,0.769,0.619,0.506,0.356,0.237,0.294
64,-0.125,0.5,0.593,0.843,1,0.8,0.837,1.044,1.081,1.019,0.937,0.838,0.751,0.719,0.731,0.681,0.419,0.425,0.3,0.2,0.143
64,-0.188,0.444,0.537,0.787,0.944,0.744,0.781,0.988,1.025,0.963,0.881,0.775,0.688,0.656,0.675,0.625,0.356,0.369,0.244,0.144,0.087
65,0.63943,0.94343,1.0742,1.1824,1.2471,1.3254,1.3583,1.4082,1.4109,1.3924,1.327,1.2586,1.1999,1.0813,0.96153,0.84849,0.68597,0.66022,0.381,0.24697,0.071891
65,0.42009,0.57255,0.98146,1.0956,1.1912,1.2667,1.1151,1.1002,1.161,1.1901,1.134,1.0068,0.98983,0.91838,0.74629,0.647,0.56224,0.43827,0.31184,0.15985,0
65,0.087,0.512,0.687,0.894,0.962,1.112,1.175,1.3,1.381,1.344,1.331,1.325,1.387,1.287,1.181,1.162,0.968,1.012,0.743,0.587,0.443
65,-0,0.431,0.606,0.813,0.881,1.031,1.094,1.219,1.3,1.263,1.25,1.244,1.306,1.206,1.1,1.081,0.887,0.925,0.662,0.5,0.356
65,-0,-0,0.443,0.762,0.931,1.075,0.993,1.062,1.15,1.218,1.224,1.131,1.2,1.162,1.037,0.981,0.868,0.781,0.662,0.512,0.381
65,-0.087,-0.087,0.362,0.681,0.85,0.994,0.906,0.975,1.063,1.131,1.137,1.044,1.113,1.081,0.95,0.894,0.781,0.694,0.575,0.425,0.294
66,0,0,0.0059169,0,0.086364,0.46059,0.62622,0.84365,0.8371,0.91439,1.2263,1.2939,1.3412,1.2239,1.3545,1.5605,1.4198,1.4388,1.2805,1.4543,1.3723
66,0,0,0,0,0,0.13408,0.079112,0.70908,0.42274,0.68633,0.61249,0.749,0.83108,0.96709,0.88243,1.0318,1.0313,1.0087,0.96455,0.99684,1.0278
66,0.2,0.344,0.437,0.425,0.506,0.9,1.05,1.244,1.206,1.356,1.507,1.463,1.432,1.294,1.381,1.481,1.319,1.256,1.069,1.125,0.938
66,0.156,0.325,0.412,0.4,0.481,0.875,1.025,1.225,1.181,1.331,1.488,1.444,1.413,1.269,1.356,1.456,1.3,1.231,1.044,1.106,0.919
66,0.063,0.207,0.294,0.381,0.407,0.562,0.519,1.106,0.888,1.032,0.913,1.038,1.044,1.088,0.938,1.038,0.95,0.876,0.757,0.631,0.519
66,0.044,0.188,0.275,0.362,0.388,0.537,0.5,1.087,0.869,1.013,0.894,1.019,1.025,1.069,0.919,1.019,0.931,0.857,0.738,0.606,0.5
67,0.38723,0.84899,1.0161,1.1659,1.183,1.4031,1.5085,1.5779,1.6006,1.6136,1.6565,1.5859,1.534,1.5144,1.3123,1.3103,1.1797,0.92089,0.81367,0.55596,0.47057
67,0.09989,0.30235,0.62916,0.73097,0.83087,1.1945,1.1911,1.252,1.2713,1.1916,1.2776,1.2001,1.2577,1.0425,0.98564,1.0388,0.90828,0.84802,0.68094,0.37218,0.32317
67,0.107,0.594,0.75,0.907,0.968,1.169,1.369,1.457,1.519,1.581,1.613,1.637,1.606,1.45,1.356,1.425,1.307,1.081,0.938,0.712,0.619
67,0.038,0.55,0.706,0.863,0.912,1.125,1.325,1.413,1.469,1.531,1.569,1.587,1.556,1.406,1.3,1.381,1.263,1.025,0.869,0.656,0.575
67,-0.019,-0.019,0.256,0.35,0.444,0.906,0.944,1.081,1.15,1.1,1.206,1.119,1.275,1.15,0.975,1.094,0.994,0.862,0.794,0.369,0.394
67,-0.056,-0.056,0.206,0.294,0.4,0.85,0.894,1.031,1.094,1.056,1.156,1.075,1.219,1.106,0.931,1.044,0.944,0.806,0.738,0.319,0.338
68,0,0,0.0044609,0,0.16009,0.21315,0.19628,0.28385,0.30275,0.47344,0.52922,0.49285,0.57433,0.63619,0.62551,0.64321,0.6666,0.66306,0.64156,0.62383,0.60039
68,0,0,0,0,0,0.013713,0.028838,0.22579,0.18694,0.2422,0.35909,0.48572,0.32327,0.40218,0.44262,0.40538,0.55195,0.55703,0.44312,0.51322,0.4777
68,0.037,0.093,0.156,0.125,0.287,0.337,0.337,0.431,0.419,0.587,0.619,0.55,0.606,0.662,0.613,0.613,0.625,0.594,0.568,0.537,0.481
68,-0,0.056,0.125,0.094,0.256,0.306,0.306,0.4,0.388,0.556,0.588,0.519,0.575,0.631,0.588,0.588,0.594,0.563,0.537,0.506,0.45
68,0.012,0.006,-0.006,0.018,0.088,0.156,0.144,0.35,0.287,0.344,0.462,0.606,0.369,0.431,0.456,0.412,0.494,0.475,0.337,0.362,0.306
68,-0.019,-0.025,-0.037,-0.013,0.057,0.125,0.113,0.319,0.256,0.313,0.431,0.575,0.338,0.4,0.425,0.381,0.463,0.444,0.306,0.331,0.275
69,0,0,0,0.015455,0,0.038603,0.14049,0.17495,0.18426,0.25736,0.25696,0.32539,0.34681,0.36088,0.3658,0.38885,0.39704,0.39349,0.39661,0.36453,0.37152
69,0,0,0,0,0,0,0,0.039241,0.066687,0.13276,0.24368,0.25012,0.30314,0.32547,0.34233,0.33148,0.34502,0.34486,0.32582,0.33251,0.30888
69,0.049,0.05,0.087,0.094,0.082,0.131,0.219,0.243,0.262,0.325,0.324,0.369,0.387,0.399,0.375,0.381,0.399,0.4,0.368,0.307,0.281
69,0.018,0.019,0.056,0.063,0.038,0.087,0.188,0.212,0.225,0.294,0.287,0.338,0.356,0.362,0.331,0.344,0.362,0.356,0.331,0.263,0.244
69,-0.006,-0,0.025,0.037,0.056,0.074,0.062,0.075,0.087,0.131,0.225,0.194,0.325,0.231,0.262,0.25,0.262,0.268,0.256,0.25,0.181
69,-0.031,-0.025,-0,0.006,0.031,0.037,0.031,0.044,0.056,0.094,0.194,0.163,0.294,0.2,0.231,0.219,0.231,0.237,0.219,0.219,0.15
70,0.14467,0.21857,0.21965,0.34805,0.37264,0.44426,0.54163,0.56517,0.66585,0.69466,0.67633,0.69193,0.72396,0.70734,0.6961,0.64135,0.56346,0.50689,0.51675,0.46369,0.32711
70,0.077678,0.16474,0.24825,0.25233,0.31254,0.46917,0.45744,0.48699,0.46345,0.51601,0.5437,0.52447,0.58112,0.58249,0.51958,0.43414,0.39308,0.38177,0.41807,0.28775,0.15896
70,0.244,0.325,0.3,0.45,0.456,0.519,0.656,0.613,0.656,0.656,0.619,0.638,0.625,0.625,0.569,0.506,0.387,0.312,0.312,0.243,0.1
70,0.219,0.3,0.275,0.419,0.431,0.494,0.625,0.588,0.631,0.625,0.594,0.613,0.6,0.6,0.544,0.481,0.362,0.287,0.287,0.212,0.075
70,0.119,0.275,0.338,0.338,0.381,0.5,0.512,0.512,0.5,0.512,0.531,0.456,0.525,0.537,0.431,0.319,0.237,0.219,0.275,0.088,0.006
70,0.094,0.25,0.313,0.313,0.356,0.475,0.487,0.487,0.475,0.487,0.506,0.431,0.5,0.512,0.406,0.294,0.212,0.194,0.25,0.063,-0.019
71,0.16675,0.3267,0.40822,0.47239,0.52957,0.48926,0.61148,0.64348,0.66517,0.67618,0.67633,0.6656,0.6442,0.61022,0.59264,0.52043,0.46169,0.40125,0.38121,0.30807,0.25141
71,0.071116,0.14369,0.20803,0.41871,0.48045,0.43884,0.57872,0.5197,0.52608,0.54072,0.58355,0.5799,0.55636,0.5148,0.48943,0.39641,0.38714,0.37632,0.30168,0.231,0.096636
71,0.013,0.2,0.306,0.425,0.468,0.431,0.568,0.618,0.643,0.662,0.656,0.656,0.631,0.606,0.637,0.531,0.475,0.425,0.412,0.337,0.244
71,-0.031,0.163,0.269,0.388,0.431,0.375,0.531,0.581,0.606,0.625,0.619,0.619,0.594,0.569,0.6,0.494,0.438,0.388,0.356,0.281,0.2
71,-0.006,-0.025,-0.012,0.306,0.375,0.369,0.543,0.494,0.5,0.544,0.588,0.581,0.575,0.525,0.507,0.406,0.394,0.387,0.293,0.206,0.069
71,-0.05,-0.069,-0.056,0.269,0.338,0.325,0.506,0.45,0.456,0.5,0.544,0.537,0.531,0.481,0.463,0.362,0.35,0.35,0.256,0.169,0.025
72,0.11117,0.17461,0.22302,0.29876,0.33737,0.33979,0.40073,0.42073,0.42703,0.44712,0.44804,0.44012,0.42791,0.40708,0.40661,0.34781,0.32272,0.26638,0.2173,0.22007,0.15726
72,0.05136,0.10838,0.22537,0.2332,0.26032,0.28442,0.3487,0.37445,0.41732,0.37969,0.39921,0.37592,0.37024,0.33771,0.3161,0.34299,0.30806,0.2625,0.19685,0.16387,0.1099
72,0.063,0.125,0.162,0.232,0.275,0.3,0.369,0.388,0.4,0.45,0.457,0.406,0.419,0.419,0.394,0.338,0.332,0.263,0.225,0.225,0.181
72,-0.012,0.05,0.087,0.163,0.206,0.225,0.3,0.325,0.331,0.381,0.388,0.331,0.35,0.35,0.319,0.269,0.263,0.194,0.156,0.15,0.106
72,-0,-0,0.138,0.169,0.207,0.232,0.331,0.375,0.425,0.407,0.413,0.363,0.375,0.332,0.282,0.332,0.288,0.251,0.182,0.157,0.081
72,-0.063,-0.063,0.075,0.1,0.138,0.169,0.256,0.3,0.362,0.338,0.344,0.3,0.306,0.269,0.219,0.269,0.225,0.188,0.113,0.094,0.018
73,0,0,0.081513,0.094915,0.33351,0.23046,0.60001,0.50526,0.63081,0.80137,0.99798,1.1138,1.157,1.1535,1.1613,1.1808,1.1111,1.2735,1.1671,1.1871,0.94789
73,0,0,0,0,0,0.12331,0.31607,0.44838,0.48813,0.57419,0.6682,0.68051,0.88567,0.85763,0.7375,0.95086,0.75652,0.78396,1.0463,0.97951,0.64262
73,0.082,0.256,0.412,0.45,0.738,0.631,1,0.85,0.95,1.106,1.225,1.256,1.231,1.244,1.213,1.163,1.006,1.144,0.962,0.894,0.55
73,0.038,0.212,0.362,0.4,0.694,0.581,0.956,0.8,0.9,1.056,1.175,1.206,1.181,1.194,1.163,1.113,0.956,1.1,0.912,0.85,0.5
73,-0.006,0.062,0.131,0.257,0.394,0.575,0.637,0.782,0.869,0.875,0.894,0.869,1.081,0.988,0.806,0.982,0.694,0.65,0.825,0.644,0.2
73,-0.05,0.012,0.081,0.213,0.35,0.531,0.593,0.738,0.825,0.831,0.85,0.819,1.031,0.944,0.762,0.938,0.644,0.6,0.775,0.594,0.15
74,0,0,0.028305,0.15486,0.28282,0.41001,0.3326,0.6534,0.64488,0.85341,0.90957,0.86488,1.007,1.1325,1.1743,1.148,1.2148,1.1299,1.107,1.0867,1.0334
74,0,0,0,0,0.043352,0.060665,0.19557,0.32602,0.44976,0.54679,0.64996,0.76038,0.83779,0.89973,0.69484,0.97323,0.84996,1.0063,0.97672,0.92993,0.92734
74,0.169,0.219,0.313,0.5,0.607,0.794,0.231,0.538,0.412,0.525,0.6,0.476,0.543,1.206,1.299,1.181,1.193,1.012,0.938,0.876,0.744
74,0.075,0.125,0.219,0.406,0.513,0.7,0.093,0.444,0.325,0.4,0.513,0.338,0.456,1.119,1.212,1.094,1.106,0.925,0.8,0.738,0.606
74,0.024,0.043,0.056,0.243,0.468,0.519,0.719,0.756,0.8,0.775,0.8,0.875,1.031,1.1,0.782,1.025,0.837,0.943,0.8,0.668,0.476
74,-0.063,-0.044,-0.031,0.156,0.381,0.394,0.594,0.631,0.675,0.65,0.675,0.75,0.906,0.975,0.688,0.9,0.75,0.856,0.713,0.581,0.338
75,0.31787,0.36515,0.38303,0.41457,0.4533,0.47059,0.48065,0.43569,0.47115,0.47142,0.45975,0.41455,0.37559,0.33381,0.30752,0.25294,0.20145,0.18683,0.1318,0.074978,0.045557
75,0.26072,0.31503,0.35407,0.3872,0.41383,0.43348,0.41427,0.45064,0.43473,0.34576,0.30621,0.39492,0.33639,0.32585,0.26972,0.22281,0.17184,0.1177,0.061325,0.0036889,0
75,0.081,0.144,0.181,0.256,0.313,0.35,0.369,0.356,0.412,0.5,0.45,0.412,0.4,0.375,0.37,0.325,0.3,0.319,0.256,0.194,0.188
75,0.018,0.075,0.131,0.206,0.244,0.287,0.306,0.15,0.362,0.269,0.381,0.362,0.35,0.325,0.307,0.275,0.25,0.225,0.169,0.1,-0.043
75,0.006,0.081,0.093,0.194,0.262,0.313,0.319,0.356,0.363,0.493,0.394,0.331,0.299,0.325,0.375,0.306,0.287,0.231,0.2,0.15,0.038
75,-0.044,0.031,0.043,0.144,0.212,0.263,0.263,0.306,0.313,0.287,0.219,0.281,0.218,0.275,0.319,0.25,0.231,0.175,0.144,0.094,-0.018
76,0.15598,0.3085,0.2962,0.42746,0.48056,0.54268,0.55851,0.57946,0.60932,0.68485,0.67393,0.66288,0.64385,0.65143,0.61884,0.54958,0.50578,0.50154,0.44215,0.37717,0.22667
76,0,0.068746,0.13181,0.19707,0.43677,0.49341,0.54176,0.58098,0.61041,0.62954,0.63805,0.54695,0.5366,0.5287,0.52467,0.44538,0.45745,0.39853,0.30601,0.24585,0.15806
76,0.082,0.244,0.25,0.406,0.463,0.544,0.575,0.594,0.606,0.688,0.669,0.65,0.65,0.65,0.625,0.55,0.513,0.487,0.418,0.343,0.182
76,0.013,0.169,0.175,0.331,0.388,0.469,0.506,0.519,0.531,0.613,0.594,0.575,0.575,0.575,0.55,0.475,0.438,0.431,0.362,0.287,0.107
76,-0.006,-0.006,-0,0.013,0.213,0.287,0.425,0.513,0.575,0.619,0.625,0.525,0.487,0.575,0.475,0.444,0.444,0.413,0.226,0.162,0.094
76,-0.075,-0.075,-0.069,-0.056,0.138,0.212,0.35,0.438,0.5,0.544,0.55,0.45,0.412,0.5,0.4,0.369,0.369,0.338,0.157,0.087,0.019
77,0.74028,0.79866,0.78413,0.84237,0.87226,0.76587,0.77716,0.89156,0.86658,0.7933,0.77799,0.73194,0.60931,0.59288,0.50882,0.35219,0.31885,0.1485,0.0423,0.11043,0.0083834
77,0.30284,0.67135,0.72924,0.77499,0.80778,0.82702,0.6202,0.59773,0.65769,0.49185,0.53581,0.53178,0.46637,0.28229,0.19273,0.096347,0.010312,0.086479,0,0,0
77,0.45,0.594,0.593,0.699,0.768,0.687,0.763,0.943,0.949,0.875,0.924,0.894,0.875,0.812,0.75,0.612,0.593,0.425,0.325,0.394,0.269
77,0.406,0.55,0.556,0.662,0.731,0.637,0.713,0.906,0.912,0.838,0.887,0.838,0.838,0.756,0.694,0.575,0.537,0.369,0.269,0.35,0.219
77,-0.007,0.406,0.524,0.631,0.737,0.762,0.612,0.662,0.75,0.637,0.706,0.743,0.699,0.537,0.487,0.393,0.293,0.362,0.274,0.162,0.1
77,-0.044,0.369,0.487,0.594,0.7,0.725,0.575,0.625,0.713,0.6,0.669,0.706,0.662,0.5,0.45,0.356,0.256,0.325,0.237,0.125,0.063
78,0.2283,0.34305,0.43856,0.52735,0.61392,0.67264,0.73315,0.7819,0.83166,0.84858,0.85631,0.85011,0.82783,0.79635,0.75028,0.71219,0.63711,0.54633,0.47721,0.35978,0.25395
78,0.25446,0.35918,0.45391,0.54662,0.63038,0.70169,0.76179,0.80592,0.84017,0.86066,0.87357,0.86238,0.85116,0.80658,0.75693,0.69484,0.61974,0.5373,0.44671,0.34718,0.24093
78,0.162,0.231,0.35,0.419,0.513,0.625,0.719,0.781,0.806,0.844,0.85,0.819,0.8,0.788,0.663,0.569,0.506,0.425,0.419,0.306,0.2
78,0.087,0.156,0.275,0.344,0.438,0.55,0.644,0.706,0.731,0.769,0.775,0.744,0.725,0.713,0.588,0.494,0.431,0.35,0.344,0.231,0.125
78,0.112,0.2,0.281,0.419,0.475,0.587,0.669,0.794,0.806,0.862,0.875,0.806,0.762,0.681,0.519,0.444,0.475,0.444,0.4,0.356,0.25
78,0.037,0.125,0.2,0.338,0.394,0.512,0.594,0.719,0.731,0.787,0.8,0.731,0.681,0.606,0.444,0.369,0.4,0.369,0.325,0.281,0.169
79,0,0,0.098229,0.23799,0.11029,0.18527,0.41458,0.53344,0.66185,0.74445,0.84993,1.0681,1.0552,1.1328,1.1569,1.1803,1.1847,1.2621,1.1364,1.1066,0.93652
79,0,0,0,0.01177,0,0.047035,0.16637,0.32395,0.42062,0.53343,0.63355,0.5944,0.64626,0.77419,0.8115,0.77686,0.74349,0.9108,0.87385,0.93491,0.87819
79,0.225,0.332,0.525,0.638,0.488,0.606,0.794,0.906,0.95,0.981,1.044,1.181,1.2,1.181,1.163,1.1,1.075,1.144,0.881,0.8,0.569
79,0.206,0.313,0.506,0.619,0.463,0.581,0.769,0.881,0.925,0.956,1.019,1.156,1.175,1.156,1.138,1.075,1.05,1.119,0.856,0.775,0.544
79,0.056,0.069,0.231,0.363,0.381,0.481,0.55,0.8,0.775,0.863,0.888,0.819,0.825,0.888,0.875,0.775,0.662,0.769,0.613,0.6,0.475
79,0.031,0.044,0.206,0.338,0.356,0.456,0.525,0.775,0.75,0.838,0.863,0.794,0.8,0.863,0.85,0.75,0.637,0.744,0.588,0.575,0.45
80,0,0,0,0.12552,0.00084623,0.20725,0.27026,0.27897,0.4402,0.50207,0.53259,0.53649,0.62947,0.62793,0.69964,0.6376,0.68675,0.72159,0.60434,0.57645,0.53872
80,0,0,0,0,0.077319,0.1411,0.084962,0.17888,0.25975,0.29524,0.35391,0.36339,0.36286,0.41792,0.47555,0.47622,0.52053,0.51297,0.57575,0.55561,0.34447
80,0.075,0.126,0.163,0.369,0.206,0.419,0.469,0.481,0.607,0.644,0.676,0.637,0.682,0.656,0.707,0.593,0.594,0.638,0.462,0.412,0.387
80,0.006,0.063,0.1,0.3,0.15,0.356,0.406,0.425,0.544,0.581,0.613,0.581,0.619,0.6,0.644,0.537,0.531,0.569,0.406,0.356,0.331
80,0.012,0.037,0.112,0.181,0.275,0.343,0.307,0.401,0.475,0.507,0.532,0.507,0.469,0.494,0.526,0.494,0.494,0.425,0.425,0.362,0.063
80,-0.044,-0.019,0.056,0.125,0.219,0.287,0.244,0.338,0.412,0.444,0.469,0.444,0.406,0.431,0.463,0.431,0.431,0.362,0.369,0.306,-0
81,0,0,0.018405,0.1623,0.19633,0.42304,0.43324,0.54762,0.72342,0.83213,0.99662,1.0082,1.1393,1.1934,1.1485,1.181,1.0919,1.179,1.1533,1.035,0.81513
81,0,0,0,0.10772,0.25074,0.38979,0.52249,0.64654,0.75983,0.73923,0.87055,0.81317,0.79767,0.75595,0.77823,0.87767,0.86657,0.81861,0.77297,0.79337,0.73548
81,0.176,0.376,0.457,0.613,0.682,0.869,0.869,0.969,1.05,1.094,1.238,1.132,1.188,1.182,1.044,1.032,0.894,0.913,0.775,0.626,0.306
81,0.113,0.313,0.388,0.544,0.613,0.8,0.8,0.9,0.981,1.025,1.169,1.063,1.119,1.113,0.975,0.969,0.825,0.844,0.706,0.563,0.237
81,0.057,0.238,0.356,0.513,0.657,0.706,0.913,0.981,1.044,0.975,1.113,0.981,0.907,0.813,0.744,0.819,0.7,0.606,0.431,0.401,0.238
81,-0.012,0.169,0.287,0.444,0.588,0.637,0.844,0.912,0.975,0.931,1.044,0.912,0.844,0.75,0.681,0.75,0.631,0.537,0.362,0.338,0.175
82,0.66684,0.91635,1.3123,1.3584,1.5015,1.7677,1.8788,2.0192,2.0005,2.2327,2.2131,2.276,2.2458,1.9134,2.011,1.8827,1.5032,1.6429,1.4416,1.2203,0.59631
82,0.035381,0.30896,0.52292,1.2926,1.1039,1.2813,1.2722,1.3991,1.5345,1.5624,1.5959,1.5963,1.5637,1.7493,1.402,1.2758,1.122,0.98589,0.74334,0.52572,0.2979
82,0.444,0.625,1.219,1.237,1.35,1.725,1.787,1.881,1.887,2.062,2.094,2.156,2.137,1.956,1.956,1.856,1.444,1.787,1.4,0.968,0.268
82,0.163,0.344,0.938,0.956,1.069,1.444,1.506,1.6,1.606,1.781,1.813,1.875,1.856,1.675,1.675,1.575,1.163,1.506,1.119,0.687,-0.013
82,-0.006,-0.006,0.006,1,0.906,1.175,1.069,1.25,1.437,1.45,1.475,1.519,1.431,1.831,1.331,1.207,1.032,0.925,0.606,0.156,0.056
82,-0.1,-0.1,-0.081,0.719,0.7,0.969,0.975,1.156,1.306,1.356,1.381,1.425,1.344,1.625,1.244,1.113,0.938,0.794,0.519,0.069,-0.05
83,0.16853,0.29503,0.39193,0.53051,0.61523,0.70866,0.71937,0.8106,0.88848,0.97255,0.978,1.0339,1.0351,1.0369,1.0015,1.0016,0.88302,0.88489,0.73555,0.6514,0.54582
83,0,0.0096592,0.23188,0.3371,0.52765,0.51075,0.69867,0.84714,0.75092,0.83109,0.84462,0.81532,0.91035,0.87577,0.79943,0.82683,0.7955,0.72414,0.60917,0.52477,0.46816
83,0.275,0.356,0.481,0.619,0.731,0.807,0.8,0.875,0.881,0.956,0.9,0.994,0.963,0.938,0.913,0.887,0.744,0.756,0.563,0.469,0.325
83,0.206,0.287,0.412,0.55,0.662,0.738,0.725,0.8,0.806,0.875,0.819,0.925,0.894,0.869,0.844,0.806,0.675,0.675,0.494,0.4,0.256
83,-0.006,-0.012,0.113,0.318,0.538,0.581,0.775,0.907,0.788,0.919,0.825,0.775,0.869,0.831,0.7,0.719,0.657,0.556,0.4,0.281,0.176
83,-0.056,-0.081,0.044,0.237,0.469,0.512,0.706,0.838,0.719,0.85,0.756,0.725,0.8,0.762,0.631,0.65,0.588,0.487,0.331,0.212,0.107
84,0.63084,1.1381,1.3862,1.3921,1.6005,2.1061,2.2363,2.3499,2.3657,2.3815,2.3595,2.3603,2.2726,2.1725,1.8027,1.748,1.6305,1.1915,0.93964,1.0714,0.80542
84,0.27772,0.58293,0.78798,1.1369,1.1796,1.5222,1.6179,1.7671,2.0949,1.9653,1.9678,2.1141,1.8614,1.4832,1.35,1.2291,1.2419,1.017,0.87287,0.60047,0.31709
84,-0,0.256,0.381,0.269,0.413,1.269,1.607,1.957,2.156,2.281,2.35,2.438,2.494,2.382,2.1,2.025,2.012,1.538,1.3,1.344,1.006
84,-0.069,0.175,0.3,0.2,0.344,1.2,1.538,1.888,2.087,2.212,2.281,2.369,2.425,2.313,2.031,1.956,1.931,1.469,1.231,1.263,0.925
84,-0.031,0.013,-0.024,0.144,0.17,0.532,0.85,1.319,1.832,1.769,1.882,2.175,2.025,1.638,1.582,1.613,1.682,1.444,1.2,0.856,0.35
84,-0.094,-0.05,-0.087,0.075,0.107,0.463,0.787,1.256,1.763,1.706,1.819,2.106,1.962,1.575,1.519,1.544,1.619,1.381,1.131,0.787,0.281
85,0,0.021208,0.011788,0.10439,0.22425,0.37686,0.48788,0.70055,0.6528,0.79777,0.88637,1.0036,1.0815,1.1409,1.2054,1.1731,1.2258,1.2779,1.2398,1.0744,0.93045
85,0,0,0,0.035698,0,0.12564,0.27291,0.4129,0.54321,0.73194,0.83982,1.0112,0.70005,0.75112,0.87396,0.97021,0.82551,0.99289,0.93042,0.81931,0.81471
85,0.263,0.244,0.431,0.55,0.662,0.812,0.863,1.076,1.063,1.15,1.219,1.263,1.275,1.256,1.263,1.144,1.188,1.113,1.025,0.819,0.587
85,0.188,0.15,0.356,0.487,0.575,0.725,0.769,1.013,0.963,1.05,1.119,1.163,1.175,1.156,1.169,1.044,1.094,1.019,0.931,0.719,0.487
85,0.019,0.019,0.275,0.4,0.456,0.631,0.806,0.956,1.031,1.113,1.163,1.275,0.862,0.893,0.994,1.119,0.963,0.956,0.794,0.525,0.388
85,-0.075,-0.069,0.181,0.325,0.356,0.531,0.706,0.856,0.931,1.013,1.063,1.181,0.775,0.806,0.9,1.025,0.869,0.856,0.7,0.431,0.294
86,0.33163,0.36121,0.54088,0.71165,0.89965,0.91241,1.0893,1.2048,1.273,1.2796,1.3091,1.3547,1.3571,1.3487,1.215,1.2593,1.1295,1.0978,0.91544,0.87122,0.65219
86,0,0.031475,0.34509,0.62472,0.76391,0.89032,1.0018,1.0963,0.91645,0.94355,1.0127,1.1345,1.0142,1.0738,1.1478,0.90427,0.76422,0.67263,0.80449,0.66915,0.50578
86,0.388,0.481,0.607,0.781,0.982,0.95,1.157,1.313,1.288,1.281,1.244,1.294,1.331,1.25,1.075,1.156,0.969,0.987,0.725,0.718,0.363
86,0.244,0.325,0.463,0.637,0.838,0.719,1.013,1.169,1.144,1.05,1.1,1.063,1.1,1.094,0.931,0.925,0.825,0.756,0.581,0.487,0.219
86,-0.031,-0.019,0.331,0.625,0.757,1,1.1,1.363,0.975,0.994,1.018,1.175,0.975,0.975,1.032,0.738,0.562,0.412,0.557,0.3,0.162
86,-0.2,-0.219,0.106,0.456,0.588,0.831,0.931,1.194,0.781,0.8,0.806,0.963,0.781,0.781,0.863,0.544,0.362,0.212,0.388,0.131,-0.007
87,0.18048,0.2745,0.3535,0.42925,0.48498,0.54307,0.615,0.60027,0.65881,0.70207,0.70074,0.70804,0.72301,0.68443,0.65258,0.61849,0.58357,0.54353,0.4597,0.41821,0.37082
87,0,0.066106,0.28467,0.36535,0.43993,0.50711,0.48119,0.45078,0.53198,0.58329,0.583,0.62429,0.62182,0.53133,0.55447,0.52872,0.43006,0.48886,0.37329,0.29619,0.21462
87,0.125,0.256,0.344,0.437,0.475,0.612,0.644,0.613,0.656,0.65,0.65,0.663,0.656,0.625,0.6,0.537,0.518,0.462,0.387,0.319,0.281
87,0.094,0.225,0.313,0.406,0.444,0.581,0.613,0.563,0.606,0.619,0.6,0.619,0.625,0.594,0.569,0.506,0.487,0.431,0.356,0.269,0.231
87,-0,-0,0.194,0.307,0.413,0.488,0.482,0.406,0.5,0.556,0.538,0.588,0.563,0.519,0.513,0.5,0.381,0.425,0.275,0.182,0.075
87,-0.037,-0.037,0.15,0.263,0.369,0.444,0.438,0.369,0.444,0.512,0.494,0.544,0.519,0.475,0.469,0.456,0.331,0.381,0.231,0.138,0.031
88,0,0,0,0.054934,0.13298,0.21967,0.25351,0.35045,0.34914,0.48795,0.52439,0.52479,0.63034,0.62975,0.64186,0.66054,0.65104,0.68504,0.61816,0.63537,0.59665
88,0,0,0,0.029021,0.010054,0.065146,0.12847,0.14139,0.26177,0.26087,0.3945,0.4128,0.389,0.41468,0.43098,0.44104,0.43454,0.42177,0.46562,0.36871,0.44704
88,0.081,0.143,0.181,0.262,0.412,0.419,0.457,0.562,0.519,0.625,0.607,0.582,0.637,0.632,0.607,0.607,0.575,0.593,0.482,0.481,0.387
88,0.044,0.106,0.125,0.206,0.356,0.35,0.394,0.506,0.456,0.569,0.544,0.519,0.581,0.569,0.544,0.544,0.512,0.537,0.419,0.425,0.331
88,0.031,0.094,0.057,0.188,0.2,0.337,0.407,0.456,0.507,0.543,0.587,0.594,0.618,0.612,0.581,0.519,0.487,0.45,0.362,0.269,0.194
88,-0.044,0.025,-0.012,0.119,0.156,0.256,0.338,0.325,0.438,0.412,0.506,0.519,0.487,0.481,0.45,0.388,0.356,0.319,0.281,0.138,0.144
89,0,0.0022393,0.053841,0.046532,0.18388,0.2112,0.31676,0.32926,0.43469,0.38853,0.39238,0.50247,0.48262,0.56084,0.60001,0.58309,0.53776,0.62277,0.57027,0.54463,0.55948
89,0,0,0,0,0.05002,0.030475,0.075639,0.19438,0.20474,0.20271,0.25689,0.29265,0.3197,0.34341,0.36838,0.36886,0.37673,0.41737,0.4895,0.31965,0.28387
89,0.062,0.119,0.2,0.218,0.394,0.388,0.519,0.507,0.607,0.512,0.531,0.581,0.544,0.613,0.638,0.569,0.5,0.543,0.463,0.387,0.293
89,0.025,0.075,0.15,0.181,0.35,0.344,0.475,0.463,0.563,0.487,0.506,0.537,0.519,0.588,0.594,0.544,0.475,0.512,0.438,0.362,0.256
89,0.006,0.044,0.062,0.094,0.256,0.25,0.281,0.387,0.413,0.394,0.419,0.45,0.45,0.45,0.432,0.4,0.388,0.356,0.369,0.019,-0.006
89,-0.019,-0,0.037,0.05,0.212,0.206,0.256,0.362,0.388,0.35,0.375,0.406,0.406,0.406,0.388,0.356,0.344,0.331,0.325,-0.025,-0.05
90,0,0,0,0.035215,0,0.044193,0.21086,0.17475,0.24859,0.41802,0.46655,0.52783,0.59837,0.63219,0.62384,0.66697,0.6759,0.67628,0.67,0.6506,0.61691
90,0,0,0,0,0,0.017468,0,0.18654,0.10202,0.16978,0.222,0.27389,0.34367,0.42813,0.39297,0.40701,0.42155,0.42887,0.56307,0.54262,0.51258
90,0.044,0.112,0.131,0.169,0.118,0.169,0.363,0.419,0.413,0.55,0.618,0.619,0.669,0.675,0.65,0.662,0.675,0.625,0.581,0.562,0.5
90,-0.056,0.018,0.037,0.069,0.012,0.063,0.263,0.313,0.307,0.45,0.531,0.519,0.569,0.575,0.544,0.562,0.588,0.525,0.481,0.456,0.394
90,-0,-0.019,0.05,0.106,0.144,0.137,0.1,0.394,0.225,0.281,0.318,0.356,0.432,0.493,0.406,0.387,0.437,0.324,0.494,0.394,0.201
90,-0.037,-0.056,-0.044,0.012,0.05,0.05,0.044,0.3,0.188,0.244,0.281,0.319,0.388,0.412,0.369,0.35,0.4,0.287,0.4,0.3,0.107
91,0,0.052406,0.19939,0.41144,0.67629,0.9018,1.1,1.2785,1.3985,1.5944,1.7355,1.8138,1.9144,1.974,2.0144,2.0279,2.0082,1.9696,1.9002,1.8053,1.6864
91,0,0.056948,0.20196,0.48495,0.69804,0.85861,1.1042,1.2876,1.4586,1.6105,1.7435,1.8503,1.9212,1.9812,2.0125,2.0109,1.9812,1.9237,1.8396,1.7302,1.5975
91,0.337,0.744,0.75,0.918,1.237,1.218,1.512,1.631,1.569,1.669,1.725,1.65,1.718,1.65,1.694,1.556,1.475,1.312,1.2,1.025,0.806
91,0.206,0.613,0.619,0.787,1.106,1.087,1.381,1.5,1.438,1.538,1.594,1.519,1.587,1.519,1.563,1.425,1.344,1.181,1.069,0.894,0.675
91,0.425,0.7,0.825,1.075,1.175,1.194,1.575,1.55,1.487,1.531,1.806,1.638,1.631,1.781,1.6,1.65,1.406,1.412,1.312,0.969,0.812
91,0.294,0.569,0.694,0.944,1.044,1.063,1.444,1.419,1.356,1.4,1.675,1.507,1.5,1.65,1.469,1.519,1.275,1.281,1.181,0.838,0.681
92,0.19439,0.33883,0.43352,0.39038,0.47877,0.5963,0.72563,0.75896,0.80393,0.82898,0.84072,0.83896,0.82373,0.79529,0.75879,0.69493,0.68695,0.5687,0.47307,0.49319,0.35002
92,0,0.18261,0.35541,0.44711,0.53133,0.53987,0.67167,0.70126,0.76678,0.7623,0.64445,0.72376,0.63741,0.61919,0.58866,0.53554,0.53487,0.49563,0.45007,0.36526,0.26588
92,0.157,0.332,0.469,0.382,0.469,0.682,0.738,0.732,0.813,0.788,0.832,0.794,0.769,0.788,0.707,0.676,0.619,0.519,0.425,0.432,0.251
92,0.063,0.269,0.406,0.319,0.406,0.619,0.675,0.669,0.75,0.725,0.769,0.731,0.706,0.725,0.644,0.613,0.556,0.456,0.362,0.369,0.188
92,-0.006,0.069,0.288,0.363,0.519,0.532,0.676,0.706,0.751,0.775,0.638,0.713,0.613,0.594,0.581,0.488,0.507,0.45,0.413,0.275,0.126
92,-0.075,0.006,0.225,0.3,0.456,0.469,0.613,0.637,0.688,0.706,0.569,0.644,0.544,0.525,0.512,0.419,0.438,0.381,0.344,0.206,0.057
93,0,0,0,0.1029,0.074742,0.32413,0.44466,0.64043,0.6176,0.83073,0.80678,0.97952,1.1635,1.1699,1.1444,1.2469,1.2614,1.286,1.2805,1.2466,1.1466
93,0,0,0,0,0,0,0.16806,0.45403,0.37592,0.45116,0.44125,0.89468,0.75383,0.80057,0.85524,0.94239,0.86661,0.95902,0.93903,1.013,0.98865
93,0.126,0.187,0.268,0.362,0.338,0.613,0.694,0.925,0.825,1.044,0.95,1.132,1.3,1.244,1.175,1.244,1.232,1.2,1.113,1.082,0.95
93,0.063,0.131,0.212,0.306,0.275,0.55,0.631,0.869,0.762,0.994,0.9,1.069,1.244,1.194,1.125,1.181,1.169,1.144,1.05,1.019,0.894
93,0.013,0.075,0.013,0.163,0.231,0.232,0.35,0.631,0.563,0.674,0.531,0.981,0.793,0.799,0.85,0.912,0.725,0.818,0.706,0.694,0.594
93,-0.037,0.025,-0.037,0.113,0.181,0.188,0.3,0.581,0.519,0.637,0.494,0.931,0.756,0.762,0.813,0.875,0.688,0.781,0.669,0.644,0.544
94,0,0,0,0,0,0.040541,0.1388,0.24343,0.31029,0.36126,0.41263,0.40289,0.51195,0.49576,0.57983,0.56299,0.61266,0.61471,0.60237,0.614,0.6075
94,0,0,0,0,0,0,0.059546,0.073434,0.23121,0.28435,0.18622,0.25842,0.29525,0.3324,0.39332,0.54959,0.46966,0.4772,0.56393,0.54936,0.52544
94,0.031,0.081,0.144,0.137,0.143,0.194,0.269,0.369,0.432,0.487,0.519,0.526,0.593,0.569,0.6,0.563,0.593,0.581,0.563,0.532,0.468
94,-0.025,0.025,0.075,0.081,0.087,0.138,0.213,0.306,0.369,0.431,0.463,0.463,0.537,0.506,0.544,0.5,0.537,0.525,0.5,0.463,0.412
94,-0,-0,0.032,0.056,0.088,0.106,0.194,0.181,0.331,0.381,0.287,0.331,0.331,0.394,0.431,0.55,0.412,0.431,0.456,0.35,0.262
94,-0.05,-0.05,-0.018,0.006,0.038,0.056,0.144,0.125,0.281,0.331,0.237,0.281,0.281,0.344,0.381,0.5,0.362,0.375,0.406,0.3,0.212
95,0.17158,0.28658,0.36565,0.4329,0.49007,0.54003,0.52391,0.6088,0.63599,0.65316,0.66001,0.65644,0.6425,0.60699,0.58466,0.54175,0.52562,0.50362,0.42328,0.38349,0.27615
95,0,0.07626,0.14341,0.34833,0.35975,0.41786,0.42032,0.55828,0.5779,0.57666,0.5314,0.48083,0.47656,0.45757,0.46378,0.48328,0.43572,0.37303,0.29009,0.16232,0.10127
95,0.125,0.256,0.406,0.413,0.525,0.562,0.532,0.594,0.631,0.638,0.656,0.644,0.656,0.625,0.569,0.525,0.506,0.469,0.357,0.269,0.169
95,0.031,0.181,0.331,0.338,0.45,0.487,0.438,0.519,0.556,0.563,0.581,0.569,0.581,0.531,0.494,0.45,0.431,0.375,0.263,0.175,0.094
95,-0.013,-0.025,-0,0.256,0.3,0.382,0.387,0.525,0.569,0.581,0.519,0.481,0.462,0.444,0.431,0.463,0.313,0.25,0.138,-0,-0.038
95,-0.069,-0.075,-0.056,0.181,0.231,0.313,0.331,0.45,0.494,0.512,0.456,0.425,0.406,0.388,0.375,0.394,0.244,0.181,0.075,-0.056,-0.094
96,0,0.33766,0.52919,0.71031,0.87931,0.8783,1.0097,1.1572,1.4001,1.486,1.5478,1.5393,1.5959,1.5812,1.5456,1.4806,1.4626,1.3225,1.2858,1.0381,0.90566
96,0,0.18383,0.38168,0.57336,0.75553,0.92504,0.88973,0.9737,1.0861,1.1774,1.3144,1.2154,1.3725,1.2377,1.2935,1.3249,1.3296,1.2299,1.1089,0.95499,0.79967
96,0.188,0.6,0.813,0.95,1.244,1.088,1.206,1.319,1.444,1.488,1.476,1.469,1.426,1.413,1.319,1.238,1.188,1,0.987,0.669,0.519
96,0.113,0.531,0.744,0.881,1.175,1.013,1.131,1.244,1.381,1.425,1.413,1.394,1.363,1.35,1.25,1.169,1.113,0.931,0.912,0.6,0.45
96,0.05,0.301,0.569,0.782,0.95,1.119,1.05,1.069,1.194,1.232,1.319,1.144,1.225,1.113,1.238,1.063,0.988,0.807,0.663,0.238,0.176
96,-0.013,0.238,0.506,0.719,0.887,1.056,0.981,1,1.125,1.163,1.25,1.069,1.156,1.038,1.163,0.994,0.919,0.738,0.594,0.175,0.113
97,0.19212,0.36964,0.54471,0.71072,1.0126,1.1393,1.2474,1.3551,1.3104,1.3697,1.419,1.4856,1.4405,1.4366,1.3082,1.2009,1.227,1.0579,0.85929,0.80201,0.67958
97,0.023221,0.21421,0.52244,0.67585,0.78672,1.0855,1.1975,1.2892,1.3591,1.3894,1.4289,1.2373,1.4023,1.173,1.0978,1.0655,1.0733,0.90501,0.79353,0.63246,0.46099
97,-0.006,0.088,0.1,0.163,0.638,1.113,1.194,1.407,1.263,1.4,1.406,1.475,1.457,1.457,1.256,1.194,1.194,0.994,0.837,0.688,0.525
97,-0.081,0.063,0.075,0.138,0.544,1.019,1.1,1.313,1.238,1.375,1.331,1.406,1.363,1.388,1.231,1.131,1.119,0.919,0.731,0.613,0.45
97,-0.025,-0.013,0.07,0.313,0.613,1.062,1.206,1.212,1.287,1.193,1.275,1.206,1.375,1.175,1.131,1.019,1.019,0.769,0.619,0.256,0.181
97,-0.125,-0.113,0.026,0.269,0.519,1.031,1.175,1.181,1.256,1.106,1.244,1.106,1.344,1.075,1.031,0.925,0.988,0.725,0.588,0.225,0.15
98,0,0.013176,0.00026525,0.057403,0.14386,0.1464,0.22478,0.2656,0.27189,0.31604,0.28674,0.3632,0.37417,0.39041,0.41026,0.4102,0.4055,0.39132,0.34267,0.35827,0.34184
98,0,0,0,0.030318,0,0.12324,0.15784,0.15366,0.12783,0.17317,0.18817,0.22757,0.23075,0.24354,0.25217,0.25446,0.25329,0.24056,0.22523,0.23376,0.18483
98,0.068,0.124,0.106,0.156,0.281,0.225,0.356,0.35,0.337,0.337,0.319,0.331,0.343,0.362,0.337,0.343,0.319,0.281,0.188,0.243,0.2
98,0.031,0.087,0.062,0.119,0.244,0.175,0.325,0.313,0.287,0.281,0.275,0.294,0.306,0.325,0.281,0.306,0.269,0.244,0.144,0.212,0.15
98,-0.007,0.006,0.05,0.075,0.037,0.193,0.2,0.213,0.187,0.213,0.218,0.262,0.249,0.249,0.249,0.168,0.168,0.143,0.093,0.106,0.006
98,-0.044,-0.031,0.006,0.031,-0,0.156,0.156,0.169,0.15,0.169,0.181,0.225,0.212,0.212,0.212,0.131,0.131,0.106,0.056,0.069,-0.031
99,0.042115,0.19958,0.24872,0.2932,0.32615,0.36204,0.34,0.36139,0.3563,0.40879,0.40386,0.42299,0.4365,0.37819,0.42094,0.33555,0.33743,0.26724,0.23231,0.2174,0.17263
99,0,0.0094454,0.048354,0.2264,0.21118,0.30067,0.33058,0.35496,0.37339,0.37672,0.3828,0.39038,0.37525,0.36175,0.34905,0.31648,0.23483,0.235,0.19713,0.070506,0.033105
99,-0.006,0.132,0.207,0.269,0.306,0.375,0.351,0.363,0.35,0.407,0.388,0.419,0.45,0.388,0.4,0.325,0.313,0.275,0.213,0.182,0.125
99,-0.025,0.113,0.188,0.25,0.287,0.356,0.338,0.344,0.331,0.388,0.369,0.4,0.431,0.369,0.369,0.306,0.294,0.256,0.194,0.163,0.106
99,-0,-0.006,-0.006,0.213,0.188,0.307,0.326,0.344,0.382,0.356,0.381,0.351,0.375,0.306,0.319,0.319,0.25,0.225,0.163,0.026,-0
99,-0.013,-0.019,-0.019,0.2,0.175,0.294,0.313,0.331,0.369,0.35,0.375,0.338,0.369,0.3,0.306,0.306,0.237,0.206,0.15,0.013,-0.013
100,0,0,0,0,0.019523,0.16832,0.098907,0.30599,0.29379,0.38281,0.36135,0.44719,0.52641,0.58373,0.53408,0.6366,0.65198,0.65168,0.64073,0.6256,0.57723
100,0,0,0,0,0,0,0,0.073753,0.25135,0.23969,0.30691,0.31811,0.3723,0.39557,0.36898,0.45056,0.50932,0.55786,0.5466,0.54459,0.36159
100,0.044,0.112,0.1,0.106,0.118,0.274,0.206,0.425,0.387,0.487,0.431,0.537,0.643,0.625,0.562,0.662,0.625,0.612,0.581,0.549,0.475
100,0.007,0.075,0.063,0.069,0.081,0.237,0.169,0.388,0.35,0.45,0.394,0.5,0.606,0.594,0.525,0.631,0.588,0.575,0.544,0.512,0.438
100,-0,0.018,0.025,0.049,0.112,0.1,0.1,0.118,0.343,0.318,0.375,0.387,0.418,0.449,0.369,0.456,0.449,0.431,0.443,0.35,0.006
100,-0.031,-0.019,-0.012,0.012,0.075,0.063,0.063,0.081,0.306,0.281,0.338,0.35,0.381,0.412,0.338,0.419,0.412,0.394,0.406,0.313,-0.025
